-- MySQL dump 10.13  Distrib 8.0.32, for Win64 (x86_64)
--
-- Host: 127.0.0.1    Database: shopapp
-- ------------------------------------------------------
-- Server version	8.0.32

/*!40101 SET @OLD_CHARACTER_SET_CLIENT=@@CHARACTER_SET_CLIENT */;
/*!40101 SET @OLD_CHARACTER_SET_RESULTS=@@CHARACTER_SET_RESULTS */;
/*!40101 SET @OLD_COLLATION_CONNECTION=@@COLLATION_CONNECTION */;
/*!50503 SET NAMES utf8 */;
/*!40103 SET @OLD_TIME_ZONE=@@TIME_ZONE */;
/*!40103 SET TIME_ZONE='+00:00' */;
/*!40014 SET @OLD_UNIQUE_CHECKS=@@UNIQUE_CHECKS, UNIQUE_CHECKS=0 */;
/*!40014 SET @OLD_FOREIGN_KEY_CHECKS=@@FOREIGN_KEY_CHECKS, FOREIGN_KEY_CHECKS=0 */;
/*!40101 SET @OLD_SQL_MODE=@@SQL_MODE, SQL_MODE='NO_AUTO_VALUE_ON_ZERO' */;
/*!40111 SET @OLD_SQL_NOTES=@@SQL_NOTES, SQL_NOTES=0 */;

--
-- Table structure for table `brands`
--

DROP TABLE IF EXISTS `brands`;
/*!40101 SET @saved_cs_client     = @@character_set_client */;
/*!50503 SET character_set_client = utf8mb4 */;
CREATE TABLE `brands` (
  `id` int NOT NULL AUTO_INCREMENT,
  `name` varchar(255) NOT NULL,
  `create_at` datetime DEFAULT NULL,
  `update_at` datetime DEFAULT NULL,
  `is_deleted` tinyint(1) DEFAULT '0',
  PRIMARY KEY (`id`),
  UNIQUE KEY `name` (`name`)
) ENGINE=InnoDB AUTO_INCREMENT=12 DEFAULT CHARSET=utf8mb4 COLLATE=utf8mb4_0900_ai_ci;
/*!40101 SET character_set_client = @saved_cs_client */;

--
-- Dumping data for table `brands`
--

LOCK TABLES `brands` WRITE;
/*!40000 ALTER TABLE `brands` DISABLE KEYS */;
INSERT INTO `brands` VALUES (1,'Apple','2025-03-13 10:44:00','2025-03-13 10:44:00',0),(2,'Samsung','2025-03-13 10:48:50','2025-03-13 10:48:50',0),(3,'Acer','2025-03-13 10:53:17','2025-03-13 10:53:17',0),(4,'Asus','2025-03-13 14:29:07','2025-03-13 14:29:07',0),(5,'Lenovo','2025-03-13 14:29:43','2025-03-13 14:29:43',0),(6,'Gigabyte','2025-03-13 14:30:10','2025-03-13 14:30:10',0),(7,'LG','2025-03-13 14:34:33','2025-03-13 14:34:33',0),(8,'Xiaomi','2025-03-13 14:34:57','2025-03-13 14:34:57',0),(9,'Casper','2025-03-13 14:35:35','2025-03-13 14:35:35',0),(10,'Garmin','2025-03-13 14:36:43','2025-03-13 14:36:43',0),(11,'Huawei','2025-07-08 09:00:15','2025-07-08 09:20:25',0);
/*!40000 ALTER TABLE `brands` ENABLE KEYS */;
UNLOCK TABLES;

--
-- Table structure for table `cart_details`
--

DROP TABLE IF EXISTS `cart_details`;
/*!40101 SET @saved_cs_client     = @@character_set_client */;
/*!50503 SET character_set_client = utf8mb4 */;
CREATE TABLE `cart_details` (
  `id` int NOT NULL AUTO_INCREMENT,
  `cart_id` int NOT NULL,
  `product_id` int NOT NULL,
  `quantity` int NOT NULL DEFAULT '1',
  `unit_price` decimal(15,2) NOT NULL,
  `create_at` datetime DEFAULT NULL,
  `update_at` datetime DEFAULT NULL,
  `total_price` decimal(15,2) NOT NULL DEFAULT '0.00',
  PRIMARY KEY (`id`),
  KEY `fk_cart_details_cart` (`cart_id`),
  KEY `fk_cart_details_product` (`product_id`),
  CONSTRAINT `fk_cart_details_cart` FOREIGN KEY (`cart_id`) REFERENCES `carts` (`id`) ON DELETE CASCADE,
  CONSTRAINT `fk_cart_details_product` FOREIGN KEY (`product_id`) REFERENCES `products` (`id`) ON DELETE CASCADE
) ENGINE=InnoDB AUTO_INCREMENT=164 DEFAULT CHARSET=utf8mb4 COLLATE=utf8mb4_0900_ai_ci;
/*!40101 SET character_set_client = @saved_cs_client */;

--
-- Dumping data for table `cart_details`
--

LOCK TABLES `cart_details` WRITE;
/*!40000 ALTER TABLE `cart_details` DISABLE KEYS */;
INSERT INTO `cart_details` VALUES (107,51,7,1,22490000.00,'2025-04-25 10:32:09','2025-04-25 10:32:09',22490000.00),(108,51,8,1,40490000.00,'2025-04-25 10:32:10','2025-04-25 10:32:10',40490000.00),(109,51,9,1,17990000.00,'2025-04-25 10:32:10','2025-04-25 10:32:10',17990000.00),(110,51,12,1,29990000.00,'2025-04-25 10:32:11','2025-04-25 10:32:11',29990000.00);
/*!40000 ALTER TABLE `cart_details` ENABLE KEYS */;
UNLOCK TABLES;

--
-- Table structure for table `carts`
--

DROP TABLE IF EXISTS `carts`;
/*!40101 SET @saved_cs_client     = @@character_set_client */;
/*!50503 SET character_set_client = utf8mb4 */;
CREATE TABLE `carts` (
  `id` int NOT NULL AUTO_INCREMENT,
  `total_price` decimal(15,2) NOT NULL DEFAULT '0.00',
  `total_quantity` int NOT NULL DEFAULT '0',
  `status` varchar(20) NOT NULL DEFAULT 'PENDING',
  `user_id` int NOT NULL,
  `create_at` datetime DEFAULT NULL,
  `update_at` datetime DEFAULT NULL,
  `active` tinyint(1) DEFAULT '1',
  PRIMARY KEY (`id`),
  KEY `fk_cart_user` (`user_id`),
  CONSTRAINT `fk_cart_user` FOREIGN KEY (`user_id`) REFERENCES `users` (`id`) ON DELETE CASCADE
) ENGINE=InnoDB AUTO_INCREMENT=95 DEFAULT CHARSET=utf8mb4 COLLATE=utf8mb4_0900_ai_ci;
/*!40101 SET character_set_client = @saved_cs_client */;

--
-- Dumping data for table `carts`
--

LOCK TABLES `carts` WRITE;
/*!40000 ALTER TABLE `carts` DISABLE KEYS */;
INSERT INTO `carts` VALUES (24,39590000.00,1,'CHECKED_OUT',1,'2025-03-05 16:13:07','2025-03-05 16:13:57',0),(25,27490000.00,1,'CHECKED_OUT',1,'2025-03-05 16:38:04','2025-03-05 16:39:18',0),(26,63980000.00,2,'CHECKED_OUT',1,'2025-03-05 17:29:14','2025-03-05 17:33:30',0),(27,27490000.00,1,'CHECKED_OUT',1,'2025-03-06 16:43:09','2025-03-06 16:44:24',0),(28,79370000.00,3,'CHECKED_OUT',1,'2025-03-06 16:48:49','2025-03-06 20:11:57',0),(29,0.00,0,'PENDING',3,'2025-03-06 20:02:49','2025-03-06 20:03:20',1),(30,74080000.00,2,'CHECKED_OUT',6,'2025-03-06 20:04:31','2025-04-17 17:04:13',0),(31,39590000.00,1,'CHECKED_OUT',1,'2025-03-06 20:17:02','2025-03-06 20:17:53',0),(32,40490000.00,1,'CHECKED_OUT',1,'2025-03-07 09:15:07','2025-03-07 09:16:15',0),(33,34490000.00,1,'CHECKED_OUT',1,'2025-03-07 09:17:15','2025-04-09 16:19:27',0),(34,40490000.00,1,'CHECKED_OUT',1,'2025-04-09 16:23:04','2025-04-16 14:21:44',0),(35,24390000.00,1,'CHECKED_OUT',1,'2025-04-16 14:23:16','2025-04-17 16:02:37',0),(36,80970000.00,3,'CHECKED_OUT',1,'2025-04-17 16:04:31','2025-04-17 16:04:45',0),(37,44980000.00,2,'CHECKED_OUT',6,'2025-04-17 17:04:23','2025-04-17 17:05:25',0),(38,48980000.00,2,'CHECKED_OUT',6,'2025-04-17 17:08:09','2025-04-17 17:08:50',0),(39,58480000.00,2,'CHECKED_OUT',6,'2025-04-17 17:11:01','2025-04-17 17:11:47',0),(40,24390000.00,1,'CHECKED_OUT',6,'2025-04-17 17:12:19','2025-04-17 17:12:30',0),(41,62980000.00,2,'CHECKED_OUT',1,'2025-04-17 17:13:47','2025-04-17 17:16:18',0),(42,24390000.00,1,'CHECKED_OUT',1,'2025-04-19 15:10:25','2025-04-24 08:43:20',0),(43,24390000.00,1,'CHECKED_OUT',1,'2025-04-24 08:59:04','2025-04-24 08:59:27',0),(44,34490000.00,1,'CHECKED_OUT',1,'2025-04-24 09:04:13','2025-04-24 09:04:30',0),(45,14990000.00,1,'CHECKED_OUT',1,'2025-04-24 09:10:26','2025-04-24 09:10:40',0),(46,39590000.00,1,'CHECKED_OUT',1,'2025-04-24 09:12:57','2025-04-24 09:13:13',0),(47,40490000.00,1,'CHECKED_OUT',7,'2025-04-24 09:18:48','2025-04-24 09:26:25',0),(48,18990000.00,1,'CHECKED_OUT',1,'2025-04-24 09:43:39','2025-04-24 09:45:29',0),(49,40490000.00,1,'CHECKED_OUT',8,'2025-04-24 09:48:26','2025-04-24 09:54:37',0),(50,89470000.00,3,'CHECKED_OUT',1,'2025-04-24 10:03:14','2025-05-07 10:47:36',0),(51,110960000.00,4,'PENDING',8,'2025-04-25 09:51:03','2025-04-25 10:32:11',1),(52,34490000.00,1,'CHECKED_OUT',6,'2025-04-25 09:54:49','2025-05-07 10:58:53',0),(53,130450000.00,5,'CHECKED_OUT',6,'2025-05-07 10:59:00','2025-05-26 10:18:35',0),(54,22490000.00,1,'CHECKED_OUT',1,'2025-05-07 14:58:46','2025-05-07 15:27:41',0),(55,43380000.00,2,'CHECKED_OUT',1,'2025-05-07 15:28:23','2025-05-07 16:12:19',0),(56,40490000.00,1,'CHECKED_OUT',9,'2025-05-07 15:46:42','2025-05-07 15:47:59',0),(57,34490000.00,1,'CHECKED_OUT',9,'2025-05-07 15:51:10','2025-05-07 15:51:24',0),(58,24390000.00,1,'CHECKED_OUT',9,'2025-05-07 16:01:22','2025-05-07 16:01:29',0),(59,39590000.00,1,'CHECKED_OUT',1,'2025-05-07 16:12:51','2025-05-07 16:44:36',0),(60,39590000.00,1,'CHECKED_OUT',1,'2025-05-07 16:50:14','2025-05-07 16:50:30',0),(61,7290000.00,1,'CHECKED_OUT',1,'2025-05-07 16:51:38','2025-05-07 16:57:15',0),(62,121560000.00,4,'CHECKED_OUT',1,'2025-05-08 08:14:16','2025-05-27 17:13:58',0),(63,24390000.00,1,'CHECKED_OUT',6,'2025-05-26 10:20:05','2025-05-26 11:04:12',0),(64,40490000.00,1,'CHECKED_OUT',6,'2025-05-27 08:57:54','2025-05-27 08:59:01',0),(65,22490000.00,1,'CHECKED_OUT',6,'2025-05-27 08:59:53','2025-05-27 09:00:44',0),(66,35080000.00,2,'CHECKED_OUT',6,'2025-05-27 09:18:13','2025-07-31 16:04:34',0),(67,24390000.00,1,'CHECKED_OUT',1,'2025-05-28 16:04:42','2025-05-28 16:11:53',0),(68,18990000.00,1,'CHECKED_OUT',1,'2025-05-28 16:21:55','2025-05-28 16:23:39',0),(69,24390000.00,1,'CHECKED_OUT',1,'2025-05-28 16:42:40','2025-05-28 16:44:51',0),(70,63980000.00,2,'CHECKED_OUT',1,'2025-06-03 16:19:22','2025-06-28 15:57:25',0),(71,24390000.00,1,'CHECKED_OUT',11,'2025-06-17 14:45:05','2025-06-17 14:45:37',0),(72,34490000.00,1,'CHECKED_OUT',1,'2025-06-28 16:06:35','2025-06-28 16:06:57',0),(73,34490000.00,1,'CHECKED_OUT',1,'2025-06-28 16:11:48','2025-06-28 16:18:15',0),(74,34490000.00,1,'CHECKED_OUT',1,'2025-06-28 16:20:33','2025-06-28 16:21:00',0),(75,5122000.00,1,'CHECKED_OUT',1,'2025-07-29 15:20:08','2025-07-30 16:16:28',0),(76,22490000.00,1,'CHECKED_OUT',1,'2025-07-30 16:22:53','2025-07-30 16:23:40',0),(77,27490000.00,1,'CHECKED_OUT',1,'2025-07-30 16:34:27','2025-07-30 16:35:17',0),(78,27490000.00,1,'CHECKED_OUT',1,'2025-07-30 16:39:39','2025-07-30 16:41:19',0),(79,24390000.00,1,'CHECKED_OUT',1,'2025-07-30 17:11:46','2025-07-30 17:12:16',0),(80,39590000.00,1,'CHECKED_OUT',1,'2025-07-30 17:13:19','2025-07-30 17:14:19',0),(81,39590000.00,1,'CHECKED_OUT',1,'2025-07-30 17:20:49','2025-07-30 17:24:12',0),(82,4290000.00,1,'CHECKED_OUT',6,'2025-07-31 16:04:54','2025-07-31 16:05:35',0),(83,5780000.00,1,'CHECKED_OUT',6,'2025-07-31 16:07:10','2025-07-31 16:20:24',0),(84,7990000.00,1,'CHECKED_OUT',6,'2025-07-31 16:23:30','2025-07-31 16:24:08',0),(85,7290000.00,1,'CHECKED_OUT',6,'2025-07-31 16:29:23','2025-07-31 16:30:25',0),(86,11990000.00,1,'CHECKED_OUT',6,'2025-07-31 16:48:00','2025-07-31 16:49:11',0),(87,12190000.00,1,'CHECKED_OUT',6,'2025-07-31 17:06:01','2025-07-31 17:06:39',0),(88,23990000.00,1,'CHECKED_OUT',1,'2025-08-07 15:33:17','2025-08-07 15:36:12',0),(89,34490000.00,1,'CHECKED_OUT',1,'2025-08-07 15:37:28','2025-08-07 15:42:11',0),(90,34490000.00,1,'CHECKED_OUT',1,'2025-08-20 08:40:09','2025-08-20 08:42:50',0),(91,7290000.00,1,'CHECKED_OUT',1,'2025-08-20 08:51:13','2025-08-20 08:51:34',0),(92,34490000.00,1,'CHECKED_OUT',1,'2025-08-20 08:54:52','2025-08-20 08:55:08',0),(93,34490000.00,1,'CHECKED_OUT',1,'2025-08-20 09:05:20','2025-08-20 09:05:41',0),(94,40490000.00,1,'CHECKED_OUT',1,'2025-08-20 09:16:39','2025-08-20 09:31:06',0);
/*!40000 ALTER TABLE `carts` ENABLE KEYS */;
UNLOCK TABLES;

--
-- Table structure for table `categories`
--

DROP TABLE IF EXISTS `categories`;
/*!40101 SET @saved_cs_client     = @@character_set_client */;
/*!50503 SET character_set_client = utf8mb4 */;
CREATE TABLE `categories` (
  `id` int NOT NULL AUTO_INCREMENT,
  `name` varchar(100) NOT NULL DEFAULT '' COMMENT 'Tên danh mục',
  `is_deleted` tinyint(1) DEFAULT '0',
  PRIMARY KEY (`id`)
) ENGINE=InnoDB AUTO_INCREMENT=10 DEFAULT CHARSET=utf8mb4 COLLATE=utf8mb4_0900_ai_ci;
/*!40101 SET character_set_client = @saved_cs_client */;

--
-- Dumping data for table `categories`
--

LOCK TABLES `categories` WRITE;
/*!40000 ALTER TABLE `categories` DISABLE KEYS */;
INSERT INTO `categories` VALUES (1,'Điện Thoại',0),(2,'Laptop',0),(3,'Tivi',0),(5,'Đồng hồ',0),(6,'Máy giặt',0);
/*!40000 ALTER TABLE `categories` ENABLE KEYS */;
UNLOCK TABLES;

--
-- Table structure for table `comments`
--

DROP TABLE IF EXISTS `comments`;
/*!40101 SET @saved_cs_client     = @@character_set_client */;
/*!50503 SET character_set_client = utf8mb4 */;
CREATE TABLE `comments` (
  `id` int NOT NULL AUTO_INCREMENT,
  `product_id` int NOT NULL,
  `user_id` int NOT NULL,
  `content` text NOT NULL,
  `parent_id` int DEFAULT NULL,
  `create_at` datetime DEFAULT NULL,
  `update_at` datetime DEFAULT NULL,
  PRIMARY KEY (`id`),
  KEY `product_id` (`product_id`),
  KEY `user_id` (`user_id`),
  KEY `parent_id` (`parent_id`),
  CONSTRAINT `comments_ibfk_1` FOREIGN KEY (`product_id`) REFERENCES `products` (`id`) ON DELETE CASCADE,
  CONSTRAINT `comments_ibfk_2` FOREIGN KEY (`user_id`) REFERENCES `users` (`id`) ON DELETE CASCADE,
  CONSTRAINT `comments_ibfk_3` FOREIGN KEY (`parent_id`) REFERENCES `comments` (`id`) ON DELETE CASCADE
) ENGINE=InnoDB AUTO_INCREMENT=107 DEFAULT CHARSET=utf8mb4 COLLATE=utf8mb4_0900_ai_ci;
/*!40101 SET character_set_client = @saved_cs_client */;

--
-- Dumping data for table `comments`
--

LOCK TABLES `comments` WRITE;
/*!40000 ALTER TABLE `comments` DISABLE KEYS */;
INSERT INTO `comments` VALUES (2,10,1,'Tôi đồng ý!',NULL,'2025-03-08 10:00:13','2025-03-08 10:00:13'),(3,9,1,'Sản phẩm đẹp lắm!',NULL,'2025-03-08 10:36:45','2025-03-08 10:36:45'),(4,9,3,'Có đẹp thật không bạn, bạn sử dụng như nào',3,'2025-03-08 10:38:37','2025-03-08 10:38:37'),(5,9,6,'Mình xin thông tin',3,'2025-03-08 11:27:27','2025-03-08 11:27:27'),(6,9,1,'Sản phẩm k đẹp như tôi nói',NULL,'2025-03-08 11:31:00','2025-03-08 11:31:00'),(7,9,3,'Sản phẩm xấu nhỉ',NULL,'2025-03-08 11:31:29','2025-03-08 11:31:29'),(8,9,6,'Xấu thật hả bạn',7,'2025-03-08 11:32:30','2025-03-08 11:32:30'),(9,3,1,'Sản phẩm rất đẹp đấy',NULL,'2025-03-08 15:56:19','2025-03-08 15:56:19'),(10,3,6,'Sản phẩm rất là ok',NULL,'2025-03-08 16:28:28','2025-03-08 16:28:28'),(11,3,1,'Đúng vậy',9,'2025-03-08 17:19:23','2025-03-08 17:19:23'),(12,4,1,'sản phẩm đẹp',NULL,'2025-03-09 10:14:34','2025-03-09 10:14:34'),(13,3,1,'sản phẩm đẹp',NULL,'2025-03-09 10:16:46','2025-03-09 10:16:46'),(14,15,5,'Rất đẹp',NULL,'2025-03-09 11:36:01','2025-03-09 11:36:01'),(15,3,1,'đẹp lắm',NULL,'2025-03-09 15:40:05','2025-03-09 15:40:05'),(16,4,1,'Sản phẩm đẹp lắm',NULL,'2025-03-09 16:16:54','2025-03-09 16:16:54'),(17,4,1,'Sản phẩm mười điểm',NULL,'2025-03-09 16:20:32','2025-03-09 16:20:32'),(18,2,6,'Sản phẩm 100 điểm',NULL,'2025-03-09 16:28:19','2025-03-09 16:28:19'),(19,2,6,'Thiếu mỗi chức năng đánh giá 5 sao nữa',NULL,'2025-03-09 16:31:57','2025-03-09 16:31:57'),(20,2,6,'Sản phẩm rất đẹp',NULL,'2025-03-09 17:24:14','2025-03-09 17:24:14'),(21,2,1,'dẹp lắm',NULL,'2025-03-09 17:44:30','2025-03-09 17:44:30'),(22,2,1,'rất là đẹp đấy',NULL,'2025-03-09 17:44:41','2025-03-09 17:44:41'),(23,3,3,'Sản phẩm tốt không',9,'2025-03-10 08:33:11','2025-03-10 08:33:11'),(24,3,3,'sản phẩm được 10 điểm',NULL,'2025-03-10 09:01:39','2025-03-10 09:01:39'),(25,3,3,'rất tuyết có đúng k bạn',24,'2025-03-10 09:12:22','2025-03-10 09:12:22'),(26,3,3,'rất đẹp nhỉ',9,'2025-03-10 10:07:42','2025-03-10 10:07:42'),(27,3,3,'đẹp đấy',24,'2025-03-10 10:08:03','2025-03-10 10:08:03'),(28,3,3,'rất là đẹp',24,'2025-03-10 10:08:16','2025-03-10 10:08:16'),(29,3,3,'rất đẹp đấy',24,'2025-03-10 10:09:50','2025-03-10 10:09:50'),(30,3,3,'10 điểm nha',24,'2025-03-10 10:20:45','2025-03-10 10:20:45'),(31,3,1,'Rất là chất chơi',9,'2025-03-10 10:40:18','2025-03-10 10:40:18'),(32,19,5,'Rất đẹp',NULL,'2025-03-10 10:57:50','2025-03-10 10:57:50'),(33,3,1,'có đẹp thật không',24,'2025-03-10 11:08:37','2025-03-10 11:08:37'),(34,3,1,'100 điểm luôn',24,'2025-03-10 11:28:54','2025-03-10 11:28:54'),(35,3,1,'có thật không',24,'2025-03-10 11:34:42','2025-03-10 11:34:42'),(36,3,1,'tốt',24,'2025-03-10 11:38:16','2025-03-10 11:38:16'),(37,3,1,'k tốt',24,'2025-03-10 11:41:34','2025-03-10 11:41:34'),(38,3,1,'tốt lắm 1000 điểm xuất sắc',24,'2025-03-10 14:47:14','2025-03-10 14:47:14'),(39,3,1,'hay',24,'2025-03-10 14:51:45','2025-03-10 14:51:45'),(40,3,1,'ok đấy',24,'2025-03-10 14:54:16','2025-03-10 14:54:16'),(41,3,1,'tốt',24,'2025-03-10 14:58:18','2025-03-10 14:58:18'),(42,3,1,'ok tốt',24,'2025-03-10 15:03:58','2025-03-10 15:03:58'),(43,3,1,'đẹp',15,'2025-03-10 15:07:01','2025-03-10 15:07:01'),(44,3,1,'quá đẹp',15,'2025-03-10 15:07:38','2025-03-10 15:07:38'),(45,3,1,'đẹp lắm',15,'2025-03-10 15:09:54','2025-03-10 15:09:54'),(46,3,1,'tốt',NULL,'2025-03-10 15:11:57','2025-03-10 15:11:57'),(47,3,1,'quát tốt',46,'2025-03-10 15:21:06','2025-03-10 15:21:06'),(48,3,1,'100 điểm',46,'2025-03-10 15:22:15','2025-03-10 15:22:15'),(49,3,1,'tốt nhỉ',46,'2025-03-10 15:22:22','2025-03-10 15:22:22'),(50,3,1,'quá tốt',46,'2025-03-10 15:22:27','2025-03-10 15:22:27'),(51,3,3,'tốt lắm à bạn',46,'2025-03-10 15:24:17','2025-03-10 15:24:17'),(52,3,1,'@Le Anh cũng được ',46,'2025-03-10 15:24:33','2025-03-10 15:24:33'),(53,3,3,'@LeMinhThuan sử dụng ra sao bạn',46,'2025-03-10 15:25:35','2025-03-10 15:25:35'),(54,3,1,'@Le Anh ổn bạn',46,'2025-03-10 15:26:05','2025-03-10 15:26:05'),(55,3,1,'@Le Anh sản phẩm tốt',24,'2025-03-10 15:58:24','2025-03-10 15:58:24'),(56,3,1,'tốt lắm sản phầm 10 điểm',NULL,'2025-03-11 16:55:34','2025-03-11 16:55:34'),(58,37,1,'sản phẩm 100 điểm',NULL,'2025-03-11 16:57:45','2025-03-11 16:57:45'),(59,37,1,'sản phẩm đẹp đấy',NULL,'2025-03-11 17:17:47','2025-03-11 17:17:47'),(60,37,1,'dfaf',NULL,'2025-03-11 17:42:57','2025-03-11 17:42:57'),(61,7,1,'ádssada',NULL,'2025-03-11 17:43:59','2025-03-11 17:43:59'),(62,10,1,'ol',NULL,'2025-03-11 17:57:45','2025-03-11 17:57:45'),(63,10,1,'tốt lắm',62,'2025-03-11 18:09:07','2025-03-11 18:09:07'),(64,10,1,'đẹp k bạn',62,'2025-03-11 18:19:39','2025-03-11 18:19:39'),(65,37,1,'thật k bạn',58,'2025-03-12 10:04:44','2025-03-12 10:04:44'),(66,37,1,'thật à bạn',58,'2025-03-12 10:05:16','2025-03-12 10:05:16'),(67,3,1,'đẹp nhỉ',24,'2025-03-12 10:06:07','2025-03-12 10:06:07'),(68,3,1,'sản phẩm 10 điểm nhỉ',24,'2025-03-12 10:06:29','2025-03-12 10:06:29'),(70,5,1,'sfdsd',NULL,'2025-03-12 10:07:35','2025-03-12 10:07:35'),(71,5,1,'ádasds',NULL,'2025-03-12 10:11:42','2025-03-12 10:11:42'),(72,3,1,'sản phẩm đẹp',NULL,'2025-03-12 10:12:53','2025-03-12 10:12:53'),(73,3,1,'sản phẩm 100 điẻm',NULL,'2025-03-12 10:26:36','2025-03-12 10:26:36'),(74,5,1,'100 điểm',NULL,'2025-03-12 14:26:49','2025-03-12 14:26:49'),(75,6,1,'sản phẩm chất lượng',NULL,'2025-03-12 14:27:13','2025-03-12 14:27:13'),(77,12,1,'sản phẩm tốt',NULL,'2025-03-12 14:27:57','2025-03-12 14:27:57'),(78,11,1,'sản phẩm rất tuyệt',NULL,'2025-03-12 15:01:31','2025-03-12 15:01:31'),(79,36,3,'sản phẩm ok',NULL,'2025-03-12 15:05:31','2025-03-12 15:05:31'),(80,36,1,'có thật k bạn',79,'2025-03-12 15:05:40','2025-03-12 15:05:40'),(81,36,3,'Đúng rồi bạn',79,'2025-03-12 15:08:09','2025-03-12 15:08:09'),(82,36,1,'Sản phẩm tốt',NULL,'2025-03-12 15:08:23','2025-03-12 15:08:23'),(83,23,1,'tốt',NULL,'2025-03-12 16:14:35','2025-03-12 16:14:35'),(84,23,1,'Tốt nhỉ',83,'2025-03-12 16:15:14','2025-03-12 16:15:14'),(85,22,1,'sản phẩm tốt',NULL,'2025-03-12 16:42:32','2025-03-12 16:42:32'),(86,22,3,'Dùng dc k b',85,'2025-03-12 16:42:55','2025-03-12 16:42:55'),(87,22,1,'Ok bạn',85,'2025-03-12 16:43:12','2025-03-12 16:43:12'),(88,20,3,'sản phẩm chất lượng',NULL,'2025-03-12 17:28:56','2025-03-12 17:28:56'),(89,20,1,'tôi đồng ý với ý kiến của bạn',88,'2025-03-12 17:29:20','2025-03-12 17:29:20'),(90,20,1,'sản phẩm tốt',NULL,'2025-03-12 17:29:31','2025-03-12 17:29:31'),(91,14,3,'sản phẩm tốt',NULL,'2025-03-12 17:42:48','2025-03-12 17:42:48'),(92,14,1,'tôi đồng ý với bạn',91,'2025-03-12 17:42:59','2025-03-12 17:42:59'),(93,14,1,'sản phẩm chất lượng',NULL,'2025-03-12 17:43:11','2025-03-12 17:43:11'),(94,33,3,'Sản phẩm tốt',NULL,'2025-03-12 18:52:26','2025-03-12 18:52:26'),(95,33,1,'Ổn k bạn',94,'2025-03-12 18:52:45','2025-03-12 18:52:45'),(96,33,1,'sản phẩm chất lượng',NULL,'2025-03-12 18:52:58','2025-03-12 18:52:58'),(97,34,3,'Sản phẩm tốt 5 sao',NULL,'2025-03-12 18:56:02','2025-03-12 18:56:02'),(98,34,1,'Ok san phẩm tốt',97,'2025-03-12 18:56:24','2025-03-12 18:56:24'),(99,34,1,'cho 4 sao',NULL,'2025-03-12 18:56:31','2025-03-12 18:56:31'),(100,25,3,'tốt',NULL,'2025-03-12 19:24:02','2025-03-12 19:24:02'),(101,25,1,'sản phẩm ok',NULL,'2025-03-12 19:24:11','2025-03-12 19:24:11'),(103,32,1,'chưa mua nhưng thấy đjep đánh giá 5 sao',NULL,'2025-03-12 19:25:57','2025-03-12 19:25:57'),(104,32,3,'chất lượng nhỉ',103,'2025-03-12 19:26:10','2025-03-12 19:26:10'),(105,32,3,'sản phẩm tốt',NULL,'2025-03-12 19:26:19','2025-03-12 19:26:19'),(106,41,1,'iok',NULL,'2025-04-17 11:05:05','2025-04-17 11:05:05');
/*!40000 ALTER TABLE `comments` ENABLE KEYS */;
UNLOCK TABLES;

--
-- Table structure for table `coupons`
--

DROP TABLE IF EXISTS `coupons`;
/*!40101 SET @saved_cs_client     = @@character_set_client */;
/*!50503 SET character_set_client = utf8mb4 */;
CREATE TABLE `coupons` (
  `id` int NOT NULL AUTO_INCREMENT,
  `code` varchar(255) NOT NULL,
  `type` varchar(50) NOT NULL,
  `value` decimal(10,2) NOT NULL,
  `min_order_value` decimal(10,2) DEFAULT NULL,
  `expiry_date` date DEFAULT NULL,
  `is_active` tinyint(1) DEFAULT NULL,
  `create_at` timestamp NULL DEFAULT NULL,
  `update_at` timestamp NULL DEFAULT NULL,
  `quantity` int NOT NULL DEFAULT '0',
  `is_sent` tinyint(1) DEFAULT '0',
  `is_public` tinyint(1) NOT NULL DEFAULT '0',
  PRIMARY KEY (`id`)
) ENGINE=InnoDB AUTO_INCREMENT=7 DEFAULT CHARSET=utf8mb4 COLLATE=utf8mb4_0900_ai_ci;
/*!40101 SET character_set_client = @saved_cs_client */;

--
-- Dumping data for table `coupons`
--

LOCK TABLES `coupons` WRITE;
/*!40000 ALTER TABLE `coupons` DISABLE KEYS */;
INSERT INTO `coupons` VALUES (1,'FX500','fixed',500000.00,2000000.00,'2025-12-31',1,'2025-05-25 02:50:34','2025-05-25 02:50:34',10,0,0),(2,'FX1000','fixed',1000000.00,20000000.00,'2025-12-25',1,'2025-05-25 02:53:18','2025-05-25 02:53:18',10,0,0),(3,'FX200','fixed',200000.00,2000000.00,'2025-10-20',1,'2025-07-20 09:37:37','2025-08-20 02:17:52',20,1,0),(4,'FX3000','fixed',300000.00,3000000.00,'2025-12-12',1,'2025-07-29 09:39:29','2025-08-07 09:24:33',100,1,1),(5,'FX5000','fixed',3000000.00,30000000.00,'2025-12-12',1,'2025-07-29 09:44:47','2025-08-07 08:40:09',100,1,0),(6,'FX1500','fixed',1500000.00,15000000.00,'2025-12-12',1,'2025-07-29 09:47:04','2025-08-07 09:31:43',10,1,1);
/*!40000 ALTER TABLE `coupons` ENABLE KEYS */;
UNLOCK TABLES;

--
-- Table structure for table `favorites`
--

DROP TABLE IF EXISTS `favorites`;
/*!40101 SET @saved_cs_client     = @@character_set_client */;
/*!50503 SET character_set_client = utf8mb4 */;
CREATE TABLE `favorites` (
  `id` int NOT NULL AUTO_INCREMENT,
  `user_id` int NOT NULL,
  `product_id` int NOT NULL,
  `create_at` datetime DEFAULT NULL,
  `update_at` datetime DEFAULT NULL,
  PRIMARY KEY (`id`),
  KEY `user_id` (`user_id`),
  KEY `product_id` (`product_id`),
  CONSTRAINT `favorites_ibfk_1` FOREIGN KEY (`user_id`) REFERENCES `users` (`id`),
  CONSTRAINT `favorites_ibfk_2` FOREIGN KEY (`product_id`) REFERENCES `products` (`id`)
) ENGINE=InnoDB AUTO_INCREMENT=51 DEFAULT CHARSET=utf8mb4 COLLATE=utf8mb4_0900_ai_ci;
/*!40101 SET character_set_client = @saved_cs_client */;

--
-- Dumping data for table `favorites`
--

LOCK TABLES `favorites` WRITE;
/*!40000 ALTER TABLE `favorites` DISABLE KEYS */;
INSERT INTO `favorites` VALUES (15,8,6,'2025-05-20 16:23:59','2025-05-20 16:23:59'),(16,8,7,'2025-05-20 16:24:00','2025-05-20 16:24:00'),(34,6,4,'2025-05-22 17:24:35','2025-05-22 17:24:35'),(35,6,8,'2025-05-22 17:24:36','2025-05-22 17:24:36'),(44,1,9,'2025-05-28 15:59:15','2025-05-28 15:59:15'),(48,11,7,'2025-06-17 14:34:58','2025-06-17 14:34:58');
/*!40000 ALTER TABLE `favorites` ENABLE KEYS */;
UNLOCK TABLES;

--
-- Table structure for table `notifications`
--

DROP TABLE IF EXISTS `notifications`;
/*!40101 SET @saved_cs_client     = @@character_set_client */;
/*!50503 SET character_set_client = utf8mb4 */;
CREATE TABLE `notifications` (
  `id` int NOT NULL AUTO_INCREMENT,
  `user_id` int DEFAULT NULL,
  `title` varchar(255) DEFAULT NULL,
  `content` text,
  `type` varchar(50) DEFAULT NULL,
  `create_at` timestamp NULL DEFAULT NULL,
  `is_read` tinyint(1) DEFAULT '0',
  `update_at` timestamp NULL DEFAULT NULL,
  PRIMARY KEY (`id`),
  KEY `fk_notifications_user` (`user_id`),
  CONSTRAINT `fk_notifications_user` FOREIGN KEY (`user_id`) REFERENCES `users` (`id`) ON DELETE CASCADE ON UPDATE CASCADE
) ENGINE=InnoDB AUTO_INCREMENT=79 DEFAULT CHARSET=utf8mb4 COLLATE=utf8mb4_0900_ai_ci;
/*!40101 SET character_set_client = @saved_cs_client */;

--
-- Dumping data for table `notifications`
--

LOCK TABLES `notifications` WRITE;
/*!40000 ALTER TABLE `notifications` DISABLE KEYS */;
INSERT INTO `notifications` VALUES (1,21,'Mã giảm giá mới!','Bạn có mã giảm giá mới: FX200','COUPON','2025-07-24 09:50:36',0,'2025-07-24 09:50:36'),(2,20,'Mã giảm giá mới!','Bạn có mã giảm giá mới: FX200','COUPON','2025-07-24 09:50:36',0,'2025-07-24 09:50:36'),(3,19,'Mã giảm giá mới!','Bạn có mã giảm giá mới: FX200','COUPON','2025-07-24 09:50:36',0,'2025-07-24 09:50:36'),(4,6,'Mã giảm giá mới!','Bạn có mã giảm giá mới: FX200','COUPON','2025-07-24 10:01:00',0,'2025-07-24 10:01:00'),(5,5,'Mã giảm giá mới!','Bạn có mã giảm giá mới: FX200','COUPON','2025-07-24 10:01:00',0,'2025-07-24 10:01:00'),(6,3,'Mã giảm giá mới!','Bạn có mã giảm giá mới: FX200','COUPON','2025-07-24 10:01:01',0,'2025-07-24 10:01:01'),(7,1,'Mã giảm giá mới!','Bạn có mã giảm giá mới: FX200','COUPON','2025-07-25 02:01:06',1,'2025-07-26 10:00:48'),(8,1,'Mã giảm giá mới!','Bạn có mã giảm giá mới: FX200','COUPON','2025-07-25 02:08:19',1,'2025-07-26 10:00:55'),(9,1,'Mã giảm giá mới!','Bạn có mã giảm giá mới: FX1000','COUPON','2025-07-25 02:19:46',1,'2025-07-26 10:00:56'),(10,1,'Mã giảm giá mới!','Bạn có mã giảm giá mới: FX500','COUPON','2025-07-25 02:21:10',1,'2025-07-26 10:00:56'),(11,1,'Mã giảm giá mới!','Bạn có mã giảm giá mới: FX500','COUPON','2025-07-25 03:26:07',1,'2025-07-26 10:00:57'),(12,1,'Mã giảm giá mới!','Bạn có mã giảm giá mới: FX200','COUPON','2025-07-25 03:27:44',1,'2025-07-26 10:04:56'),(13,1,'Mã giảm giá mới!','Bạn có mã giảm giá mới: FX1000','COUPON','2025-07-25 08:38:58',1,'2025-07-26 10:05:01'),(14,1,'Mã giảm giá mới!','Bạn có mã giảm giá mới: FX500','COUPON','2025-07-25 08:41:09',1,'2025-07-26 10:05:03'),(19,1,'Mã giảm giá mới!','Bạn có mã giảm giá mới: FX200','COUPON','2025-07-29 02:13:20',1,'2025-07-29 09:15:38'),(27,1,'Mã giảm giá mới!','Bạn có mã giảm giá mới: FX200','COUPON','2025-07-29 09:41:11',0,'2025-07-29 09:41:11'),(28,1,'Mã giảm giá mới!','Bạn có mã giảm giá mới: FX200','COUPON','2025-07-29 09:43:38',0,'2025-07-29 09:43:38'),(31,1,'Mã giảm giá mới!','Bạn có mã giảm giá mới: FX1500','COUPON','2025-08-01 09:16:30',0,'2025-08-01 09:16:30'),(32,2,'Mã giảm giá mới!','Bạn có mã giảm giá mới: FX1500','COUPON','2025-08-01 09:16:30',0,'2025-08-01 09:16:30'),(33,3,'Mã giảm giá mới!','Bạn có mã giảm giá mới: FX1500','COUPON','2025-08-01 09:16:30',0,'2025-08-01 09:16:30'),(34,5,'Mã giảm giá mới!','Bạn có mã giảm giá mới: FX1500','COUPON','2025-08-01 09:16:30',0,'2025-08-01 09:16:30'),(35,6,'Mã giảm giá mới!','Bạn có mã giảm giá mới: FX1500','COUPON','2025-08-01 09:16:30',1,'2025-08-07 08:27:24'),(36,7,'Mã giảm giá mới!','Bạn có mã giảm giá mới: FX1500','COUPON','2025-08-01 09:16:30',0,'2025-08-01 09:16:30'),(37,8,'Mã giảm giá mới!','Bạn có mã giảm giá mới: FX1500','COUPON','2025-08-01 09:16:30',0,'2025-08-01 09:16:30'),(38,9,'Mã giảm giá mới!','Bạn có mã giảm giá mới: FX1500','COUPON','2025-08-01 09:16:30',0,'2025-08-01 09:16:30'),(39,10,'Mã giảm giá mới!','Bạn có mã giảm giá mới: FX1500','COUPON','2025-08-01 09:16:30',0,'2025-08-01 09:16:30'),(40,11,'Mã giảm giá mới!','Bạn có mã giảm giá mới: FX1500','COUPON','2025-08-01 09:16:30',0,'2025-08-01 09:16:30'),(41,12,'Mã giảm giá mới!','Bạn có mã giảm giá mới: FX1500','COUPON','2025-08-01 09:16:30',0,'2025-08-01 09:16:30'),(42,18,'Mã giảm giá mới!','Bạn có mã giảm giá mới: FX1500','COUPON','2025-08-01 09:16:30',0,'2025-08-01 09:16:30'),(43,19,'Mã giảm giá mới!','Bạn có mã giảm giá mới: FX1500','COUPON','2025-08-01 09:16:30',0,'2025-08-01 09:16:30'),(44,20,'Mã giảm giá mới!','Bạn có mã giảm giá mới: FX1500','COUPON','2025-08-01 09:16:30',0,'2025-08-01 09:16:30'),(45,21,'Mã giảm giá mới!','Bạn có mã giảm giá mới: FX1500','COUPON','2025-08-01 09:16:30',0,'2025-08-01 09:16:30'),(46,1,'Mã giảm giá mới!','Bạn có mã giảm giá mới: FX1500. Hạn sử dụng đến: 12/12/2025','COUPON','2025-08-07 08:27:04',0,'2025-08-07 08:27:04'),(47,6,'Mã giảm giá mới!','Bạn có mã giảm giá mới: FX5000. Hạn sử dụng đến: 12/12/2025','COUPON','2025-08-07 08:40:08',0,'2025-08-07 08:40:08'),(48,1,'Mã giảm giá mới!','Bạn có mã giảm giá mới: FX1500. Hạn sử dụng đến: 12/12/2025','COUPON','2025-08-07 09:13:29',0,'2025-08-07 09:13:29'),(49,2,'Mã giảm giá mới!','Bạn có mã giảm giá mới: FX1500. Hạn sử dụng đến: 12/12/2025','COUPON','2025-08-07 09:13:29',0,'2025-08-07 09:13:29'),(50,3,'Mã giảm giá mới!','Bạn có mã giảm giá mới: FX1500. Hạn sử dụng đến: 12/12/2025','COUPON','2025-08-07 09:13:29',0,'2025-08-07 09:13:29'),(51,5,'Mã giảm giá mới!','Bạn có mã giảm giá mới: FX1500. Hạn sử dụng đến: 12/12/2025','COUPON','2025-08-07 09:13:29',0,'2025-08-07 09:13:29'),(52,6,'Mã giảm giá mới!','Bạn có mã giảm giá mới: FX1500. Hạn sử dụng đến: 12/12/2025','COUPON','2025-08-07 09:13:29',0,'2025-08-07 09:13:29'),(53,7,'Mã giảm giá mới!','Bạn có mã giảm giá mới: FX1500. Hạn sử dụng đến: 12/12/2025','COUPON','2025-08-07 09:13:29',0,'2025-08-07 09:13:29'),(54,8,'Mã giảm giá mới!','Bạn có mã giảm giá mới: FX1500. Hạn sử dụng đến: 12/12/2025','COUPON','2025-08-07 09:13:29',0,'2025-08-07 09:13:29'),(55,9,'Mã giảm giá mới!','Bạn có mã giảm giá mới: FX1500. Hạn sử dụng đến: 12/12/2025','COUPON','2025-08-07 09:13:29',0,'2025-08-07 09:13:29'),(56,10,'Mã giảm giá mới!','Bạn có mã giảm giá mới: FX1500. Hạn sử dụng đến: 12/12/2025','COUPON','2025-08-07 09:13:29',0,'2025-08-07 09:13:29'),(57,11,'Mã giảm giá mới!','Bạn có mã giảm giá mới: FX1500. Hạn sử dụng đến: 12/12/2025','COUPON','2025-08-07 09:13:29',0,'2025-08-07 09:13:29'),(58,12,'Mã giảm giá mới!','Bạn có mã giảm giá mới: FX1500. Hạn sử dụng đến: 12/12/2025','COUPON','2025-08-07 09:13:29',0,'2025-08-07 09:13:29'),(59,18,'Mã giảm giá mới!','Bạn có mã giảm giá mới: FX1500. Hạn sử dụng đến: 12/12/2025','COUPON','2025-08-07 09:13:29',0,'2025-08-07 09:13:29'),(60,19,'Mã giảm giá mới!','Bạn có mã giảm giá mới: FX1500. Hạn sử dụng đến: 12/12/2025','COUPON','2025-08-07 09:13:29',0,'2025-08-07 09:13:29'),(61,20,'Mã giảm giá mới!','Bạn có mã giảm giá mới: FX1500. Hạn sử dụng đến: 12/12/2025','COUPON','2025-08-07 09:13:29',0,'2025-08-07 09:13:29'),(62,21,'Mã giảm giá mới!','Bạn có mã giảm giá mới: FX1500. Hạn sử dụng đến: 12/12/2025','COUPON','2025-08-07 09:13:29',0,'2025-08-07 09:13:29'),(63,1,'Mã giảm giá mới!','Bạn có mã giảm giá mới: FX3000. Hạn sử dụng đến: 12/12/2025','COUPON','2025-08-07 09:24:33',0,'2025-08-07 09:24:33'),(64,2,'Mã giảm giá mới!','Bạn có mã giảm giá mới: FX3000. Hạn sử dụng đến: 12/12/2025','COUPON','2025-08-07 09:24:33',0,'2025-08-07 09:24:33'),(65,3,'Mã giảm giá mới!','Bạn có mã giảm giá mới: FX3000. Hạn sử dụng đến: 12/12/2025','COUPON','2025-08-07 09:24:33',0,'2025-08-07 09:24:33'),(66,5,'Mã giảm giá mới!','Bạn có mã giảm giá mới: FX3000. Hạn sử dụng đến: 12/12/2025','COUPON','2025-08-07 09:24:33',0,'2025-08-07 09:24:33'),(67,6,'Mã giảm giá mới!','Bạn có mã giảm giá mới: FX3000. Hạn sử dụng đến: 12/12/2025','COUPON','2025-08-07 09:24:33',0,'2025-08-07 09:24:33'),(68,7,'Mã giảm giá mới!','Bạn có mã giảm giá mới: FX3000. Hạn sử dụng đến: 12/12/2025','COUPON','2025-08-07 09:24:33',0,'2025-08-07 09:24:33'),(69,8,'Mã giảm giá mới!','Bạn có mã giảm giá mới: FX3000. Hạn sử dụng đến: 12/12/2025','COUPON','2025-08-07 09:24:33',0,'2025-08-07 09:24:33'),(70,9,'Mã giảm giá mới!','Bạn có mã giảm giá mới: FX3000. Hạn sử dụng đến: 12/12/2025','COUPON','2025-08-07 09:24:33',0,'2025-08-07 09:24:33'),(71,10,'Mã giảm giá mới!','Bạn có mã giảm giá mới: FX3000. Hạn sử dụng đến: 12/12/2025','COUPON','2025-08-07 09:24:33',0,'2025-08-07 09:24:33'),(72,11,'Mã giảm giá mới!','Bạn có mã giảm giá mới: FX3000. Hạn sử dụng đến: 12/12/2025','COUPON','2025-08-07 09:24:33',0,'2025-08-07 09:24:33'),(73,12,'Mã giảm giá mới!','Bạn có mã giảm giá mới: FX3000. Hạn sử dụng đến: 12/12/2025','COUPON','2025-08-07 09:24:33',0,'2025-08-07 09:24:33'),(74,18,'Mã giảm giá mới!','Bạn có mã giảm giá mới: FX3000. Hạn sử dụng đến: 12/12/2025','COUPON','2025-08-07 09:24:33',0,'2025-08-07 09:24:33'),(75,19,'Mã giảm giá mới!','Bạn có mã giảm giá mới: FX3000. Hạn sử dụng đến: 12/12/2025','COUPON','2025-08-07 09:24:33',0,'2025-08-07 09:24:33'),(76,20,'Mã giảm giá mới!','Bạn có mã giảm giá mới: FX3000. Hạn sử dụng đến: 12/12/2025','COUPON','2025-08-07 09:24:33',0,'2025-08-07 09:24:33'),(77,21,'Mã giảm giá mới!','Bạn có mã giảm giá mới: FX3000. Hạn sử dụng đến: 12/12/2025','COUPON','2025-08-07 09:24:33',0,'2025-08-07 09:24:33'),(78,1,'Mã giảm giá mới!','Bạn có mã giảm giá mới: FX200. Hạn sử dụng đến: 20/10/2025','COUPON','2025-08-20 02:15:02',0,'2025-08-20 02:15:02');
/*!40000 ALTER TABLE `notifications` ENABLE KEYS */;
UNLOCK TABLES;

--
-- Table structure for table `order_details`
--

DROP TABLE IF EXISTS `order_details`;
/*!40101 SET @saved_cs_client     = @@character_set_client */;
/*!50503 SET character_set_client = utf8mb4 */;
CREATE TABLE `order_details` (
  `id` int NOT NULL AUTO_INCREMENT,
  `order_id` int DEFAULT NULL,
  `product_id` int DEFAULT NULL,
  `unit_price` decimal(10,2) DEFAULT NULL,
  `quantity` int DEFAULT NULL,
  `total_price` decimal(15,2) DEFAULT NULL,
  PRIMARY KEY (`id`),
  KEY `product_id` (`product_id`),
  KEY `order_details_ibfk_1` (`order_id`),
  CONSTRAINT `order_details_ibfk_1` FOREIGN KEY (`order_id`) REFERENCES `orders` (`id`) ON DELETE CASCADE,
  CONSTRAINT `order_details_ibfk_2` FOREIGN KEY (`product_id`) REFERENCES `products` (`id`),
  CONSTRAINT `order_details_chk_1` CHECK ((`unit_price` >= 0)),
  CONSTRAINT `order_details_chk_2` CHECK ((`quantity` >= 1)),
  CONSTRAINT `order_details_chk_3` CHECK ((`total_price` >= 0))
) ENGINE=InnoDB AUTO_INCREMENT=229 DEFAULT CHARSET=utf8mb4 COLLATE=utf8mb4_0900_ai_ci;
/*!40101 SET character_set_client = @saved_cs_client */;

--
-- Dumping data for table `order_details`
--

LOCK TABLES `order_details` WRITE;
/*!40000 ALTER TABLE `order_details` DISABLE KEYS */;
INSERT INTO `order_details` VALUES (70,38,4,24390000.00,1,24390000.00),(86,45,5,34490000.00,1,34490000.00),(87,46,8,40490000.00,1,40490000.00),(89,48,4,24390000.00,1,24390000.00),(90,49,9,17990000.00,1,17990000.00),(91,49,8,40490000.00,1,40490000.00),(92,49,7,22490000.00,1,22490000.00),(95,51,5,34490000.00,1,34490000.00),(96,51,3,39590000.00,1,39590000.00),(97,52,11,14990000.00,1,14990000.00),(98,52,12,29990000.00,1,29990000.00),(99,53,13,18990000.00,1,18990000.00),(100,53,12,29990000.00,1,29990000.00),(101,54,8,40490000.00,1,40490000.00),(102,54,9,17990000.00,1,17990000.00),(103,55,4,24390000.00,1,24390000.00),(104,56,7,22490000.00,1,22490000.00),(105,56,8,40490000.00,1,40490000.00),(106,57,4,24390000.00,1,24390000.00),(107,58,4,24390000.00,1,24390000.00),(108,59,5,34490000.00,1,34490000.00),(109,60,11,14990000.00,1,14990000.00),(110,61,3,39590000.00,1,39590000.00),(111,62,8,40490000.00,1,40490000.00),(112,63,13,18990000.00,1,18990000.00),(113,64,8,40490000.00,1,40490000.00),(114,65,4,24390000.00,1,24390000.00),(124,71,2,27490000.00,2,54980000.00),(125,71,5,34490000.00,1,34490000.00),(128,74,5,34490000.00,1,34490000.00),(129,75,5,34490000.00,1,34490000.00),(130,76,5,34490000.00,1,34490000.00),(131,77,8,40490000.00,1,40490000.00),(132,78,2,27490000.00,1,27490000.00),(134,80,2,27490000.00,1,27490000.00),(135,81,2,27490000.00,1,27490000.00),(136,82,7,22490000.00,1,22490000.00),(137,83,7,22490000.00,1,22490000.00),(138,84,4,24390000.00,1,24390000.00),(139,85,12,29990000.00,1,29990000.00),(140,86,8,40490000.00,1,40490000.00),(141,87,5,34490000.00,1,34490000.00),(142,88,4,24390000.00,1,24390000.00),(143,89,4,24390000.00,1,24390000.00),(144,89,13,18990000.00,1,18990000.00),(145,90,3,39590000.00,1,39590000.00),(146,91,8,40490000.00,1,40490000.00),(147,92,3,39590000.00,1,39590000.00),(148,93,3,39590000.00,1,39590000.00),(149,94,3,39590000.00,1,39590000.00),(150,95,3,39590000.00,1,39590000.00),(151,96,41,7290000.00,1,7290000.00),(152,97,3,39590000.00,1,39590000.00),(153,98,2,27490000.00,3,82470000.00),(154,98,9,17990000.00,1,17990000.00),(155,98,12,29990000.00,1,29990000.00),(156,99,4,24390000.00,1,24390000.00),(157,100,8,40490000.00,1,40490000.00),(158,101,7,22490000.00,1,22490000.00),(183,112,3,39590000.00,2,79180000.00),(184,112,9,17990000.00,1,17990000.00),(185,112,4,24390000.00,1,24390000.00),(186,113,4,24390000.00,1,24390000.00),(188,115,13,18990000.00,1,18990000.00),(189,116,7,22490000.00,1,22490000.00),(191,118,4,24390000.00,1,24390000.00),(194,121,4,24390000.00,1,24390000.00),(195,122,4,24390000.00,1,24390000.00),(196,123,4,24390000.00,1,24390000.00),(197,124,4,24390000.00,1,24390000.00),(198,125,5,34490000.00,1,34490000.00),(199,126,3,39590000.00,1,39590000.00),(200,126,4,24390000.00,1,24390000.00),(201,127,5,34490000.00,1,34490000.00),(202,128,5,34490000.00,1,34490000.00),(203,129,5,34490000.00,1,34490000.00),(204,130,42,5122000.00,1,5122000.00),(205,131,7,22490000.00,1,22490000.00),(206,132,6,27490000.00,1,27490000.00),(208,134,2,27490000.00,1,27490000.00),(209,135,4,24390000.00,1,24390000.00),(210,136,3,39590000.00,1,39590000.00),(211,137,3,39590000.00,1,39590000.00),(212,138,7,22490000.00,1,22490000.00),(213,138,20,12590000.00,1,12590000.00),(214,139,33,4290000.00,1,4290000.00),(215,140,49,5780000.00,1,5780000.00),(216,141,32,7990000.00,1,7990000.00),(217,142,41,7290000.00,1,7290000.00),(218,143,34,11990000.00,1,11990000.00),(219,144,24,12190000.00,1,12190000.00),(221,146,10,23990000.00,1,23990000.00),(222,147,5,34490000.00,1,34490000.00),(224,149,5,34490000.00,1,34490000.00),(225,150,41,7290000.00,1,7290000.00),(226,151,5,34490000.00,1,34490000.00),(227,152,5,34490000.00,1,34490000.00),(228,153,8,40490000.00,1,40490000.00);
/*!40000 ALTER TABLE `order_details` ENABLE KEYS */;
UNLOCK TABLES;

--
-- Table structure for table `orders`
--

DROP TABLE IF EXISTS `orders`;
/*!40101 SET @saved_cs_client     = @@character_set_client */;
/*!50503 SET character_set_client = utf8mb4 */;
CREATE TABLE `orders` (
  `id` int NOT NULL AUTO_INCREMENT,
  `user_id` int DEFAULT NULL,
  `fullname` varchar(100) DEFAULT '',
  `email` varchar(100) DEFAULT '',
  `phone_number` varchar(20) NOT NULL,
  `address` varchar(200) NOT NULL,
  `note` varchar(100) DEFAULT '',
  `order_date` datetime DEFAULT CURRENT_TIMESTAMP,
  `status` enum('PENDING','PROCESSING','SHIPPING','COMPLETED','CANCELLED') NOT NULL,
  `total_price` decimal(15,2) DEFAULT NULL,
  `active` tinyint(1) DEFAULT NULL,
  `is_buy_now` tinyint(1) DEFAULT '0',
  PRIMARY KEY (`id`),
  KEY `user_id` (`user_id`),
  CONSTRAINT `orders_ibfk_1` FOREIGN KEY (`user_id`) REFERENCES `users` (`id`),
  CONSTRAINT `orders_chk_1` CHECK ((`total_price` >= 0))
) ENGINE=InnoDB AUTO_INCREMENT=154 DEFAULT CHARSET=utf8mb4 COLLATE=utf8mb4_0900_ai_ci;
/*!40101 SET character_set_client = @saved_cs_client */;

--
-- Dumping data for table `orders`
--

LOCK TABLES `orders` WRITE;
/*!40000 ALTER TABLE `orders` DISABLE KEYS */;
INSERT INTO `orders` VALUES (38,1,'LeMinhThuan','thuanminhle0107@gmail.com','0394948725','Quang Binh','','2025-03-07 09:51:03','PENDING',24390000.00,1,0),(45,1,'LeMinhThuan','thuanminhle0107@gmail.com','0394948725','Quang Binh','','2024-04-09 16:18:41','PENDING',34490000.00,1,0),(46,1,'Lê Thuận','thuanminhle0107@gmail.com','0394948725','Quảng Bình','abc','2024-04-16 14:21:44','PENDING',40490000.00,1,0),(48,1,'Lê Thuận','thuanminhle0107@gmail.com','0394948725','Quảng Bình','ggdgfgfg','2025-04-17 16:02:37','CANCELLED',24390000.00,0,0),(49,1,'Lê Thuận','thuanminhle0107@gmail.com','0394948725','Quảng Bình','','2025-04-17 16:04:45','CANCELLED',80970000.00,0,0),(51,6,'Trần Thị Nhàn','Tranthinhan@gmail.com','0835706415','Thôn 3 , xã Quảng Thạch, huyện Quảng Trạch, tỉnh Quảng Bình','vcv','2024-04-17 17:04:13','PENDING',74080000.00,1,0),(52,6,'Trần Thị Nhàn','tranthinhan@gmail.com','0835706415','Thôn 3 , xã Quảng Thạch, huyện Quảng Trạch, tỉnh Quảng Bình','jfhf','2024-04-17 17:04:52','PENDING',44980000.00,1,0),(53,6,'Trần Thị Nhàn','tranthinhan@gmail.com','0835706415','Thôn 3 , xã Quảng Thạch, huyện Quảng Trạch, tỉnh Quảng Bình','','2024-04-17 17:08:26','PENDING',48980000.00,1,0),(54,6,'Trần Thị Nhàn','nhan@gmail.com','0835706415','Thôn 3 , xã Quảng Thạch, huyện Quảng Trạch, tỉnh Quảng Bình','dsfdsf','2024-04-17 17:11:25','PENDING',58480000.00,1,0),(55,6,'Trần Thị Nhàn','thaa@gmail.com','0835706415','Thôn 3 , xã Quảng Thạch, huyện Quảng Trạch, tỉnh Quảng Bình','','2024-04-17 17:12:30','PENDING',24390000.00,1,0),(56,1,'Lê Thuận','thuanminhle0107@gmail.com','0394948725','Quảng Bình','','2025-04-17 17:14:04','PENDING',62980000.00,1,0),(57,1,'Lê Thuận','thuanminhle0107@gmail.com','0394948725','Quảng Bình','','2025-04-24 08:43:20','PENDING',24390000.00,1,0),(58,1,'Lê Thuận','thuanminhle0107@gmail.com','0394948725','Quảng Bình','','2025-04-24 08:59:27','PENDING',24390000.00,1,0),(59,1,'Lê Thuận','thuanminhle0107@gmail.com','0394948725','Quảng Bình','','2025-04-24 09:04:30','PENDING',34490000.00,1,0),(60,1,'Lê Thuận','thuanminhle0107@gmail.com','0394948725','Quảng Bình','','2025-04-24 09:10:40','PENDING',14990000.00,1,0),(61,1,'Lê Thuận','thuanminhle0107@gmail.com','0394948725','Quảng Bình','','2025-04-24 09:13:13','PENDING',39590000.00,1,0),(62,7,'Phan Thành Long','thanhlongbiker2001@gmail.com','0345734961','Núi Thành , Quảng Nam','Thuận Lê tặng cho cái máy ','2025-04-24 09:26:25','PENDING',40490000.00,1,0),(63,1,'Lê Thuận','thuanminhle0107@gmail.com','0394948725','Quảng Bình','','2025-04-24 09:45:29','PENDING',18990000.00,1,0),(64,8,'Lê Thị Hồng Nhung','tonday86@gmail.com','0944932035','Xóm 3, xã Quảng Thạch,huyện Quảng Trạch, tỉnh Quảng Bình','','2025-04-24 09:54:37','PENDING',40490000.00,1,0),(65,1,'Lê Thuận','thuanminhle0107@gmail.com','0394948725','Quảng Bình','','2025-05-07 08:50:53','PENDING',24390000.00,1,1),(71,1,'Lê Thuận','thuanminhle0107@gmail.com','0394948725','Quảng Bình','','2025-05-07 10:47:36','PENDING',89470000.00,1,0),(74,6,'Trần Thị Nhàn','thuanminhle0107@gmail.com','0835706415','Thôn 3 , xã Quảng Thạch, huyện Quảng Trạch, tỉnh Quảng Bình','','2025-05-07 10:55:33','PENDING',34490000.00,1,0),(75,6,'Trần Thị Nhàn','thuanminhle0107@gmail.com','0835706415','Thôn 3 , xã Quảng Thạch, huyện Quảng Trạch, tỉnh Quảng Bình','','2025-05-07 10:56:10','PENDING',34490000.00,1,0),(76,6,'Trần Thị Nhàn','thuanminhle0107@gmail.com','0835706415','Thôn 3 , xã Quảng Thạch, huyện Quảng Trạch, tỉnh Quảng Bình','','2025-05-07 10:58:53','PENDING',34490000.00,1,0),(77,6,'Trần Thị Nhàn','hhh@gmail.com','0835706415','Thôn 3 , xã Quảng Thạch, huyện Quảng Trạch, tỉnh Quảng Bình','','2025-05-07 10:59:40','PENDING',40490000.00,1,0),(78,1,'Lê Thuận','thuanminhle0107@gmail.com','0394948725','Quảng Bình','','2025-05-07 14:59:03','PENDING',27490000.00,1,0),(80,1,'Lê Thuận','thuanminhle0107@gmail.com','0394948725','Quảng Bình','','2025-05-07 15:06:37','PENDING',27490000.00,1,0),(81,1,'Lê Thuận','thuanminle0107@gmail.com','0394948725','Quảng Bình','','2025-05-07 15:10:41','PENDING',27490000.00,1,0),(82,1,'Lê Thuận','asdasa@gamil.com','0394948725','Quảng Bình','','2025-05-07 15:15:27','PENDING',22490000.00,1,0),(83,1,'Lê Thuận','thuanminhle0107@gmail.com','0394948725','Quảng Bình','','2025-05-07 15:27:13','PENDING',22490000.00,1,0),(84,1,'Lê Thuận','thuanminh@gmail.com','0394948725','Quảng Bình','','2025-05-07 15:28:33','PENDING',24390000.00,1,1),(85,1,'Lê Thuận','thuanminhle0107@gmail.com','0394948725','Quảng Bình','','2025-05-07 15:42:52','PENDING',29990000.00,1,1),(86,9,'Lê Tho','tholeevtc@gmail.com','0905563767','Điện Bàn , Quảng Nam','','2025-05-07 15:47:16','PENDING',40490000.00,1,0),(87,9,'Lê Tho','tholeevtc@gmail.com','0905563767','Điện Bàn , Quảng Nam','','2025-05-07 15:51:24','PENDING',34490000.00,1,0),(88,9,'Lê Tho','test-ka6sy96rb@srv1.mail-tester.com','0905563767','Điện Bàn , Quảng Nam','','2025-05-07 16:01:29','PENDING',24390000.00,1,0),(89,1,'Lê Thuận','thuanminhle0107@gmail.com','0394948725','Quảng Bình','','2025-05-07 16:11:55','PENDING',43380000.00,1,0),(90,1,'Lê Thuận','thuanminhle0107@gmail.com','0394948725','Quảng Bình','','2025-05-07 16:13:02','PENDING',39590000.00,1,1),(91,1,'Lê Thuận','thuanminhle0107@gmail.com','0394948725','Quảng Bình','','2025-05-07 16:22:56','PENDING',40490000.00,1,1),(92,1,'Lê Thuận','thuanminhle0107@gmail.com','0394948725','Quảng Bình','','2025-05-07 16:32:56','PENDING',39590000.00,1,1),(93,1,'Lê Thuận','thuanminhle0107@gmail.com','0394948725','Quảng Bình','','2025-05-07 16:37:53','PENDING',39590000.00,1,1),(94,1,'Lê Thuận','thuanminhle0107@gmail.com','0394948725','Quảng Bình','','2025-05-07 16:44:36','PENDING',39590000.00,1,0),(95,1,'Lê Thuận','thuanminhle0107@gmail.com','0394948725','Quảng Bình','','2025-05-07 16:50:30','PENDING',39590000.00,1,0),(96,1,'Lê Thuận','thuanminhle0107@gmail.com','0394948725','Quảng Bình','','2025-05-07 16:56:45','PENDING',7290000.00,1,0),(97,1,'Lê Thuận','thuanminhle0107@gmail.com','0394948725','Quảng Bình','','2025-05-07 16:59:08','PENDING',39590000.00,1,1),(98,6,'Trần Thị Nhàn','thuanminhle0107@gmail.com','0835706415','Thôn 3 , xã Quảng Thạch, huyện Quảng Trạch, tỉnh Quảng Bình','Letuaaaa','2025-05-26 10:18:34','PENDING',130450000.00,1,0),(99,6,'Trần Thị Nhàn','thuanminhle0107@gmail.com','0835706415','Thôn 3 , xã Quảng Thạch, huyện Quảng Trạch, tỉnh Quảng Bình','sdsadads','2025-05-26 11:04:12','PENDING',23890000.00,1,0),(100,6,'Trần Thị Nhàn','thuanminhle0107@gmail.com','0835706415','Thôn 3 , xã Quảng Thạch, huyện Quảng Trạch, tỉnh Quảng Bình','ccccc','2025-05-27 08:59:01','PENDING',40490000.00,1,0),(101,6,'Trần Thị Nhàn','thuanminhle0107@gmail.com','0835706415','Thôn 3 , xã Quảng Thạch, huyện Quảng Trạch, tỉnh Quảng Bình','ccc','2025-05-27 09:00:44','PENDING',21490000.00,1,0),(112,1,'Lê Thuận','thuanminhle0107@gmail.com','0394948725','Quảng Bình','','2025-05-27 17:11:08','PENDING',120560000.00,1,0),(113,1,'Lê Thuận','thuanminhel0107@gmail.xn--comd-7na','0394948725','Quảng Bình','sadassa','2025-05-28 16:10:40','PENDING',23390000.00,1,0),(115,1,'Lê Thuận','thuanminhle0107@gmail.com','0394948725','Quảng Bình','xzczcxzc','2025-05-28 16:23:05','PENDING',18490000.00,1,0),(116,1,'Lê Thuận','Thuanminhle0107@gmail.com','0394948725','Quảng Bình','xczxzz','2025-05-28 16:27:21','PENDING',21990000.00,1,1),(118,1,'Lê Thuận','thuanminhle0107@gmail.com','0394948725','Quảng Bình','sấdsadsd','2025-05-28 16:38:42','PENDING',23890000.00,1,1),(121,1,'Lê Thuận','thuanminhle0107@gmail.xn--cm-cka','0394948725','Quảng Bình','cxzcxc','2025-05-28 16:44:17','PENDING',24390000.00,1,0),(122,11,'Thuận Lê','thuanminhle0107@gmail.com','0394948725','Đà Nẵng','sadasdsadsa','2025-06-17 14:41:11','PENDING',23890000.00,1,1),(123,11,'Thuận Lê','thuaminhle0107@gmail.com','0394948725','Quảng Bình','zxzxzXz','2025-06-17 14:45:37','PENDING',23390000.00,1,0),(124,11,'Thuận Lê','thuanminhle0107@gmail.com','0394949282','Quảng Bình','zxzxzx','2025-06-17 14:56:39','CANCELLED',24390000.00,0,1),(125,18,'Khánh Huyền','emconday230907@gmail.com','022222222','Quảng Bình','sdsdsd','2025-06-28 08:37:33','COMPLETED',33490000.00,1,1),(126,1,'Lê Thuận','thuanminhle0107@gmail.com','0394948725','Quảng Bình, , , ','sdsdsd','2025-06-28 15:57:25','PENDING',63980000.00,1,0),(127,1,'Lê Thuận','Thuanminhle0107@gmail.com','0394948725','24, , , ','','2025-06-28 16:06:57','PENDING',34490000.00,1,0),(128,1,'Lê Thuận','thuanminhle0107@gmail.com','0394948725','23','sss','2025-06-28 16:18:15','PENDING',34490000.00,1,0),(129,1,'Lê Thuận','thuanminhle0107@gmail.com','0394948725','333, Phường Hoà Hải, Quận Ngũ Hành Sơn, Thành phố Đà Nẵng','222','2025-06-28 16:21:00','PENDING',34490000.00,1,0),(130,1,'Lê Thuận','thuanminhle0107@gmail.com','0394948725','Thôn 3, Xã Quảng Thạch, Huyện Quảng Trạch, Tỉnh Quảng Bình','ddđ','2025-07-30 16:15:52','SHIPPING',5122000.00,1,0),(131,1,'Lê Thuận','thuanminhle0107@gmail.com','0394948725','Thôn 2, Xã Phú Lương, Huyện Lương Tài, Tỉnh Bắc Ninh','xdsdss','2025-07-30 16:23:16','PENDING',22490000.00,1,0),(132,1,'Lê Thuận','thuanminhle0107@gmail.com','0394948725','Thôn 1, Xã Đông Cứu, Huyện Gia Bình, Tỉnh Bắc Ninh','Xxxc','2025-07-30 16:34:49','PENDING',27490000.00,1,0),(134,1,'Lê Thuận','thuanminhle0107@gmail.com','0394948725','Thôn 4, Xã Liên Vị, Thị xã Quảng Yên, Tỉnh Quảng Ninh','xcxcc','2025-07-30 16:40:37','SHIPPING',27490000.00,1,0),(135,1,'Lê Thuận','thuanmi@gmail.com','0394948725','zxz, Xã Đại Bái, Huyện Gia Bình, Tỉnh Bắc Ninh','zzzz','2025-07-30 17:12:15','SHIPPING',24390000.00,1,0),(136,1,'Lê Thuận','adad@gmail.com','0394948725','sdsdsd, Xã Đại Bái, Huyện Gia Bình, Tỉnh Bắc Ninh','sdssds','2025-07-30 17:13:39','SHIPPING',39590000.00,1,0),(137,1,'Lê Thuận','thuanminhle0107@gmail.com','0394948725','fffffff, Phường Ninh Xá, Thị xã Thuận Thành, Tỉnh Bắc Ninh','ddd','2025-07-30 17:21:13','PENDING',39590000.00,1,0),(138,6,'Trần Thị Nhàn','tranthinhan@gmail.com','0835706415','phan Huy Chú, Phường Điện Ngọc, Thị xã Điện Bàn, Tỉnh Quảng Nam','gần nhà','2025-07-31 16:03:52','PENDING',35080000.00,1,0),(139,6,'Trần Thị Nhàn','trannhinhan@gmail.com','0835706415','thông 3, Phường Phượng Sơn, Thị xã Chũ, Tỉnh Bắc Giang','','2025-07-31 16:05:13','SHIPPING',4290000.00,1,0),(140,6,'Trần Thị Nhàn','tranthinhan@gmail.com','0835706415','đường Phan Huy Chú, Phường Điện Ngọc, Thị xã Điện Bàn, Tỉnh Quảng Nam','ssxsx','2025-07-31 16:20:01','PENDING',5780000.00,1,0),(141,6,'Trần Thị Nhàn','tranthinhan@gmail.com','0835706415','đường Phan Huy Chú, Phường Điện Ngọc, Thị xã Điện Bàn, Tỉnh Quảng Nam','sssss','2025-07-31 16:24:08','SHIPPING',7990000.00,1,0),(142,6,'Trần Thị Nhàn','tranthinhan@gmail.com','0835706415','thôn 3, Xã Yên Dương, Huyện Tam Đảo, Tỉnh Vĩnh Phúc','sdsd','2025-07-31 16:29:57','SHIPPING',7290000.00,1,0),(143,6,'Trần Thị Nhàn','tranthinhann@gmail.com','0835706415','Thôn 3, Xã Vạn Khánh, Huyện Vạn Ninh, Tỉnh Khánh Hòa','gggg','2025-07-31 16:49:11','SHIPPING',11990000.00,1,0),(144,6,'Trần Thị Nhàn','tranthinhan@gmail.com','0835706415','Số 12, Thôn 3, Xã Đại Bái, Huyện Gia Bình, Tỉnh Bắc Ninh','xzx','2025-07-31 17:06:39','SHIPPING',12190000.00,1,0),(146,1,'Lê Thuận','thuanminhle0107@gmail.com','0394948725','Số 12, Thị trấn Tứ Trưng, Huyện Vĩnh Tường, Tỉnh Vĩnh Phúc','','2025-08-07 15:35:49','PENDING',22490000.00,1,0),(147,1,'Lê Thuận','thuanminhle0107@gmail','0394948725','Thôn 3, Xã Đông Cửu, Huyện Thanh Sơn, Tỉnh Phú Thọ','','2025-08-07 15:42:11','PENDING',34490000.00,1,0),(149,1,'Lê Thuận','thuanminhle01072@gmail.com','0394948725','sdasas, Thị trấn Nhân Thắng, Huyện Gia Bình, Tỉnh Bắc Ninh','','2025-08-20 08:42:50','PENDING',34490000.00,1,0),(150,1,'Lê Thuận','thuanminhle0107@gmail.com','0394948725','ádsdasdsa, Xã Văn Môn, Huyện Yên Phong, Tỉnh Bắc Ninh','','2025-08-20 08:51:34','PENDING',7290000.00,1,0),(151,1,'Lê Thuận','thuanminhle0107@gmail.com','0394948725','assss, Xã Liên Vị, Thị xã Quảng Yên, Tỉnh Quảng Ninh','','2025-08-20 08:55:08','PENDING',34490000.00,1,0),(152,1,'Lê Thuận','thuanminhle0107@gmail.com','0394948725','xzxzx, Xã Lam Sơn, Huyện Tam Nông, Tỉnh Phú Thọ','','2025-08-20 09:05:41','PENDING',34490000.00,1,0),(153,1,'Lê Thuận','thuanminhle0107@gmail.com','0394948725','ádsadsad, Xã Đông Cửu, Huyện Thanh Sơn, Tỉnh Phú Thọ','ádasasas','2025-08-20 09:31:06','PENDING',40490000.00,1,0);
/*!40000 ALTER TABLE `orders` ENABLE KEYS */;
UNLOCK TABLES;

--
-- Table structure for table `payments`
--

DROP TABLE IF EXISTS `payments`;
/*!40101 SET @saved_cs_client     = @@character_set_client */;
/*!50503 SET character_set_client = utf8mb4 */;
CREATE TABLE `payments` (
  `id` int NOT NULL AUTO_INCREMENT,
  `order_id` int DEFAULT NULL,
  `amount` decimal(15,2) DEFAULT NULL,
  `payment_method` varchar(20) DEFAULT NULL,
  `transaction_id` varchar(50) DEFAULT NULL,
  `status` varchar(20) DEFAULT NULL,
  `create_at` datetime DEFAULT NULL,
  `update_at` timestamp NULL DEFAULT NULL,
  PRIMARY KEY (`id`),
  KEY `payments_ibfk_1` (`order_id`),
  CONSTRAINT `payments_ibfk_1` FOREIGN KEY (`order_id`) REFERENCES `orders` (`id`) ON DELETE CASCADE
) ENGINE=InnoDB AUTO_INCREMENT=123 DEFAULT CHARSET=utf8mb4 COLLATE=utf8mb4_0900_ai_ci;
/*!40101 SET character_set_client = @saved_cs_client */;

--
-- Dumping data for table `payments`
--

LOCK TABLES `payments` WRITE;
/*!40000 ALTER TABLE `payments` DISABLE KEYS */;
INSERT INTO `payments` VALUES (9,38,24390000.00,'Vnpay','09127787','FAILED','2025-03-07 09:51:03','2025-03-07 02:51:42'),(14,45,34490000.00,'Vnpay','07324619','SUCCESS','2025-04-09 16:18:41','2025-04-09 09:19:27'),(15,46,40490000.00,'Cod','','PENDING','2025-04-16 14:21:44','2025-04-16 07:21:44'),(17,48,24390000.00,'Cod','','PENDING','2025-04-17 16:02:37','2025-04-17 09:02:37'),(18,49,80970000.00,'Cod','','PENDING','2025-04-17 16:04:45','2025-04-17 09:04:45'),(20,51,74080000.00,'Cod','','PENDING','2025-04-17 17:04:13','2025-04-17 10:04:13'),(21,52,44980000.00,'Vnpay','08424563','SUCCESS','2025-04-17 17:04:52','2025-04-17 10:05:25'),(22,53,48980000.00,'Vnpay','94581366','SUCCESS','2025-04-17 17:08:26','2025-04-17 10:08:50'),(23,54,58480000.00,'Vnpay','07457600','SUCCESS','2025-04-17 17:11:25','2025-04-17 10:11:47'),(24,55,24390000.00,'Cod','','PENDING','2025-04-17 17:12:30','2025-04-17 10:12:30'),(25,56,62980000.00,'Vnpay','04978297','SUCCESS','2025-04-17 17:14:04','2025-04-17 10:16:18'),(26,57,24390000.00,'Cod','','PENDING','2025-04-24 08:43:20','2025-04-24 01:43:20'),(27,58,24390000.00,'Cod','','PENDING','2025-04-24 08:59:27','2025-04-24 01:59:27'),(28,59,34490000.00,'Cod','','PENDING','2025-04-24 09:04:30','2025-04-24 02:04:30'),(29,60,14990000.00,'Cod','','PENDING','2025-04-24 09:10:40','2025-04-24 02:10:40'),(30,61,39590000.00,'Cod','','PENDING','2025-04-24 09:13:13','2025-04-24 02:13:13'),(31,62,40490000.00,'Cod','','PENDING','2025-04-24 09:26:25','2025-04-24 02:26:25'),(32,63,18990000.00,'Cod','','PENDING','2025-04-24 09:45:29','2025-04-24 02:45:29'),(33,64,40490000.00,'Cod','','PENDING','2025-04-24 09:54:37','2025-04-24 02:54:37'),(34,65,24390000.00,'Cod','','PENDING','2025-05-07 08:50:53','2025-05-07 01:50:53'),(40,71,89470000.00,'Cod','','PENDING','2025-05-07 10:47:36','2025-05-07 03:47:36'),(43,74,34490000.00,'Vnpay','28527431','FAILED','2025-05-07 10:55:33','2025-05-07 03:55:50'),(44,75,34490000.00,'Vnpay','03038279','SUCCESS','2025-05-07 10:56:10','2025-05-07 03:56:44'),(45,76,34490000.00,'Cod','','PENDING','2025-05-07 10:58:53','2025-05-07 03:58:53'),(46,77,40490000.00,'Vnpay','14064197','SUCCESS','2025-05-07 10:59:40','2025-05-07 04:00:15'),(47,78,27490000.00,'Vnpay','02698087','SUCCESS','2025-05-07 14:59:03','2025-05-07 07:59:37'),(49,80,27490000.00,'Vnpay','97976344','SUCCESS','2025-05-07 15:06:37','2025-05-07 08:07:06'),(50,81,27490000.00,'Vnpay','01281931','SUCCESS','2025-05-07 15:10:41','2025-05-07 08:11:13'),(51,82,22490000.00,'Vnpay','74958033','SUCCESS','2025-05-07 15:15:27','2025-05-07 08:26:40'),(52,83,22490000.00,'Vnpay','38188828','SUCCESS','2025-05-07 15:27:13','2025-05-07 08:27:41'),(53,84,24390000.00,'Vnpay','50443787','SUCCESS','2025-05-07 15:28:33','2025-05-07 08:28:58'),(54,85,29990000.00,'Vnpay','20359045','SUCCESS','2025-05-07 15:42:52','2025-05-07 08:43:50'),(55,86,40490000.00,'Vnpay','72458990','SUCCESS','2025-05-07 15:47:16','2025-05-07 08:47:59'),(56,87,34490000.00,'Cod','','PENDING','2025-05-07 15:51:24','2025-05-07 08:51:24'),(57,88,24390000.00,'Cod','','PENDING','2025-05-07 16:01:29','2025-05-07 09:01:29'),(58,89,43380000.00,'Vnpay','07375507','SUCCESS','2025-05-07 16:11:55','2025-05-07 09:12:19'),(59,90,39590000.00,'Vnpay','69939658','SUCCESS','2025-05-07 16:13:02','2025-05-07 09:13:47'),(60,91,40490000.00,'Cod','','PENDING','2025-05-07 16:22:56','2025-05-07 09:22:56'),(61,92,39590000.00,'Cod','','PENDING','2025-05-07 16:32:56','2025-05-07 09:32:56'),(62,93,39590000.00,'Cod','','PENDING','2025-05-07 16:37:53','2025-05-07 09:37:53'),(63,94,39590000.00,'Cod','','PENDING','2025-05-07 16:44:36','2025-05-07 09:44:36'),(64,95,39590000.00,'Cod','','PENDING','2025-05-07 16:50:30','2025-05-07 09:50:30'),(65,96,7290000.00,'Vnpay','59232406','SUCCESS','2025-05-07 16:56:45','2025-05-07 09:57:15'),(66,97,39590000.00,'Cod','','PENDING','2025-05-07 16:59:08','2025-05-07 09:59:08'),(67,98,130450000.00,'Cod','','PENDING','2025-05-26 10:18:35','2025-05-26 03:18:35'),(68,99,23890000.00,'Cod','','PENDING','2025-05-26 11:04:12','2025-05-26 04:04:12'),(69,100,40490000.00,'Cod','','PENDING','2025-05-27 08:59:01','2025-05-27 01:59:01'),(70,101,21490000.00,'Cod','','PENDING','2025-05-27 09:00:44','2025-05-27 02:00:44'),(81,112,120560000.00,'Vnpay','61795317','SUCCESS','2025-05-27 17:11:09','2025-05-27 10:13:58'),(82,113,24390000.00,'Vnpay','37790730','SUCCESS','2025-05-28 16:10:40','2025-05-28 09:11:53'),(84,115,18490000.00,'Vnpay','57236572','SUCCESS','2025-05-28 16:23:05','2025-05-28 09:23:39'),(85,116,21990000.00,'Vnpay','47810267','SUCCESS','2025-05-28 16:27:21','2025-05-28 09:28:08'),(87,118,23890000.00,'Vnpay','08037359','SUCCESS','2025-05-28 16:38:42','2025-05-28 09:40:06'),(90,121,24390000.00,'Vnpay','09977895','SUCCESS','2025-05-28 16:44:17','2025-05-28 09:44:51'),(91,122,23890000.00,'Vnpay','18300891','SUCCESS','2025-06-17 14:41:11','2025-06-17 07:41:47'),(92,123,23390000.00,'Cod',NULL,'PENDING','2025-06-17 14:45:37','2025-06-17 07:45:37'),(93,124,24390000.00,'Cod',NULL,'PENDING','2025-06-17 14:56:40','2025-06-17 07:56:40'),(94,125,33490000.00,'Vnpay','24174742','SUCCESS','2025-06-28 08:37:33','2025-06-28 01:38:25'),(95,126,63980000.00,'Cod',NULL,'PENDING','2025-06-28 15:57:25','2025-06-28 08:57:25'),(96,127,34490000.00,'Cod',NULL,'PENDING','2025-06-28 16:06:57','2025-06-28 09:06:57'),(97,128,34490000.00,'Cod',NULL,'PENDING','2025-06-28 16:18:15','2025-06-28 09:18:15'),(98,129,34490000.00,'Cod',NULL,'PENDING','2025-06-28 16:21:00','2025-06-28 09:21:00'),(99,130,5122000.00,'Vnpay','71445090','SUCCESS','2025-07-30 16:15:52','2025-07-30 09:16:28'),(100,131,22490000.00,'Vnpay','42748136','SUCCESS','2025-07-30 16:23:16','2025-07-30 09:23:40'),(101,132,27490000.00,'Vnpay','13017488','SUCCESS','2025-07-30 16:34:49','2025-07-30 09:35:17'),(103,134,27490000.00,'Vnpay','48237963','SUCCESS','2025-07-30 16:40:37','2025-07-30 09:41:19'),(104,135,24390000.00,'Cod',NULL,'PENDING','2025-07-30 17:12:15','2025-07-30 10:12:15'),(105,136,39590000.00,'Vnpay','70771345','SUCCESS','2025-07-30 17:13:39','2025-07-30 10:14:19'),(106,137,39590000.00,'Vnpay','65049957','SUCCESS','2025-07-30 17:21:13','2025-07-30 10:24:12'),(107,138,35080000.00,'Vnpay','44331753','SUCCESS','2025-07-31 16:03:52','2025-07-31 09:04:34'),(108,139,4290000.00,'Vnpay','01147087','SUCCESS','2025-07-31 16:05:13','2025-07-31 09:05:35'),(109,140,5780000.00,'Vnpay','05768715','SUCCESS','2025-07-31 16:20:01','2025-07-31 09:20:24'),(110,141,7990000.00,'Cod',NULL,'PENDING','2025-07-31 16:24:08','2025-07-31 09:24:08'),(111,142,7290000.00,'Vnpay','27655776','SUCCESS','2025-07-31 16:29:57','2025-07-31 09:30:25'),(112,143,11990000.00,'Cod',NULL,'PENDING','2025-07-31 16:49:11','2025-07-31 09:49:11'),(113,144,12190000.00,'Cod',NULL,'PENDING','2025-07-31 17:06:39','2025-07-31 10:06:39'),(115,146,22490000.00,'Vnpay','26278709','SUCCESS','2025-08-07 15:35:49','2025-08-07 08:36:12'),(116,147,34490000.00,'Cod',NULL,'PENDING','2025-08-07 15:42:11','2025-08-07 08:42:11'),(118,149,34490000.00,'Cod',NULL,'PENDING','2025-08-20 08:42:50','2025-08-20 01:42:50'),(119,150,7290000.00,'Cod',NULL,'PENDING','2025-08-20 08:51:34','2025-08-20 01:51:34'),(120,151,34490000.00,'Cod',NULL,'PENDING','2025-08-20 08:55:08','2025-08-20 01:55:08'),(121,152,34490000.00,'Cod',NULL,'PENDING','2025-08-20 09:05:41','2025-08-20 02:05:41'),(122,153,40490000.00,'Cod',NULL,'PENDING','2025-08-20 09:31:06','2025-08-20 02:31:06');
/*!40000 ALTER TABLE `payments` ENABLE KEYS */;
UNLOCK TABLES;

--
-- Table structure for table `product_images`
--

DROP TABLE IF EXISTS `product_images`;
/*!40101 SET @saved_cs_client     = @@character_set_client */;
/*!50503 SET character_set_client = utf8mb4 */;
CREATE TABLE `product_images` (
  `id` int NOT NULL AUTO_INCREMENT,
  `product_id` int DEFAULT NULL,
  `image_url` varchar(300) DEFAULT NULL,
  PRIMARY KEY (`id`),
  KEY `product_id` (`product_id`),
  CONSTRAINT `product_images_ibfk_1` FOREIGN KEY (`product_id`) REFERENCES `products` (`id`) ON DELETE CASCADE
) ENGINE=InnoDB AUTO_INCREMENT=168 DEFAULT CHARSET=utf8mb4 COLLATE=utf8mb4_0900_ai_ci;
/*!40101 SET character_set_client = @saved_cs_client */;

--
-- Dumping data for table `product_images`
--

LOCK TABLES `product_images` WRITE;
/*!40000 ALTER TABLE `product_images` DISABLE KEYS */;
INSERT INTO `product_images` VALUES (7,4,'https://res.cloudinary.com/websitemart/image/upload/v1739589764/ajrorkvs50riveoordxm.png'),(8,4,'https://res.cloudinary.com/websitemart/image/upload/v1739589767/ctqa27n0lonelyam3zlw.png'),(9,4,'https://res.cloudinary.com/websitemart/image/upload/v1739589769/cso3h1pyhdqyotlryr0c.png'),(13,3,'https://res.cloudinary.com/websitemart/image/upload/v1739590030/f9yysstokj8aajwchgkx.png'),(14,3,'https://res.cloudinary.com/websitemart/image/upload/v1739590032/cv1f6qufcgdod8psq1sl.png'),(15,3,'https://res.cloudinary.com/websitemart/image/upload/v1739590033/kortybqx1zhh1fvzrsrq.png'),(16,2,'https://res.cloudinary.com/websitemart/image/upload/v1739590173/aekpspkbrqaizigv6kss.png'),(17,2,'https://res.cloudinary.com/websitemart/image/upload/v1739590175/xjsvsb1kwnqmvvs62fop.png'),(18,2,'https://res.cloudinary.com/websitemart/image/upload/v1739590177/j8otvacz69w5u2h8bqsh.png'),(19,5,'https://res.cloudinary.com/websitemart/image/upload/v1739590407/hoxoehvwzv0haps5ulwj.jpg'),(20,5,'https://res.cloudinary.com/websitemart/image/upload/v1739590409/jepntri6evvg7pxtytp8.jpg'),(21,6,'https://res.cloudinary.com/websitemart/image/upload/v1739590598/tlbs05axkmn19laei6rq.jpg'),(22,6,'https://res.cloudinary.com/websitemart/image/upload/v1739590599/q9v6jtiiypt8dyd5twza.jpg'),(23,7,'https://res.cloudinary.com/websitemart/image/upload/v1739591357/epk4qsydxfvjnesbtnre.jpg'),(24,7,'https://res.cloudinary.com/websitemart/image/upload/v1739591359/mtkxh1x0e4lvvt2uglye.jpg'),(25,8,'https://res.cloudinary.com/websitemart/image/upload/v1739591681/csreymbk1becxggkvioq.png'),(26,8,'https://res.cloudinary.com/websitemart/image/upload/v1739591683/x5ixqlioay2wev3zoz3c.png'),(27,8,'https://res.cloudinary.com/websitemart/image/upload/v1739591684/wmw7f8bkpz9hlb0ueqzw.png'),(28,8,'https://res.cloudinary.com/websitemart/image/upload/v1739591687/wow5omrfyat9thfzbupc.png'),(29,9,'https://res.cloudinary.com/websitemart/image/upload/v1739591892/n3svuua5wzetmkmcenfr.png'),(30,9,'https://res.cloudinary.com/websitemart/image/upload/v1739591894/zpxqd8qhzmpxg3rq8ubr.png'),(31,9,'https://res.cloudinary.com/websitemart/image/upload/v1739591896/emcih0ihukxpqwvdhakx.png'),(32,10,'https://res.cloudinary.com/websitemart/image/upload/v1739592141/pyxkw1xpfcnzdzojjkhc.jpg'),(33,10,'https://res.cloudinary.com/websitemart/image/upload/v1739592143/xrzmbb8av9lr92prfyil.jpg'),(34,10,'https://res.cloudinary.com/websitemart/image/upload/v1739592145/gdqaqdvn6fkl6u3pru7x.jpg'),(38,11,'https://res.cloudinary.com/websitemart/image/upload/v1739669748/yg0zfbeznpogrzwubsh2.jpg'),(39,11,'https://res.cloudinary.com/websitemart/image/upload/v1739669750/leyqpdoy5fm7hurhkajr.jpg'),(40,11,'https://res.cloudinary.com/websitemart/image/upload/v1739669752/n27mfi6ylto7h9rkvh9p.jpg'),(41,12,'https://res.cloudinary.com/websitemart/image/upload/v1739669928/xtxjo6b71iqpe6jdohwt.png'),(42,12,'https://res.cloudinary.com/websitemart/image/upload/v1739669930/fcapxfmif1gwog5ra4oi.png'),(43,12,'https://res.cloudinary.com/websitemart/image/upload/v1739669932/di3r1r5oqpq1cbdfuqdc.png'),(44,12,'https://res.cloudinary.com/websitemart/image/upload/v1739669935/h9qktm0qw7srzxckuyqy.png'),(45,13,'https://res.cloudinary.com/websitemart/image/upload/v1739670088/qrcynodimiyrcssga9ky.png'),(46,13,'https://res.cloudinary.com/websitemart/image/upload/v1739670089/ybtxaxgxbzqrhyw9gv4s.png'),(47,13,'https://res.cloudinary.com/websitemart/image/upload/v1739670091/bo3hmx9gdkfsthhvihdo.png'),(48,13,'https://res.cloudinary.com/websitemart/image/upload/v1739670093/kndjpaomtrcwsridzsmo.png'),(49,14,'https://res.cloudinary.com/websitemart/image/upload/v1739670256/rulnp4moz9ndqgviluvs.jpg'),(50,14,'https://res.cloudinary.com/websitemart/image/upload/v1739670257/qsplpelphkmxcpga4zfr.jpg'),(51,14,'https://res.cloudinary.com/websitemart/image/upload/v1739670259/rdewihg9t7xatqrtwui0.jpg'),(52,15,'https://res.cloudinary.com/websitemart/image/upload/v1739670434/sz2nt3jvveedapv4fv08.png'),(53,15,'https://res.cloudinary.com/websitemart/image/upload/v1739670436/rtpue9brcd0wcdtri1zs.png'),(54,15,'https://res.cloudinary.com/websitemart/image/upload/v1739670438/sdp4nbbo7b42mkzbsmh1.png'),(55,16,'https://res.cloudinary.com/websitemart/image/upload/v1739670638/wobmsvd8wjcs3oztr91i.png'),(56,16,'https://res.cloudinary.com/websitemart/image/upload/v1739670641/kkac6s0hlazfpmsqdqg2.png'),(57,16,'https://res.cloudinary.com/websitemart/image/upload/v1739670643/d1xebsw106ufwcfyp5df.png'),(58,17,'https://res.cloudinary.com/websitemart/image/upload/v1739670814/vk7bkrpt2prd3jez4wbg.jpg'),(59,17,'https://res.cloudinary.com/websitemart/image/upload/v1739670816/wds4vtssgzzfqbcg0obz.jpg'),(60,17,'https://res.cloudinary.com/websitemart/image/upload/v1739670818/zhqjbit1jde418dscfdg.jpg'),(61,17,'https://res.cloudinary.com/websitemart/image/upload/v1739670819/y5bywmyoeut7booip97h.jpg'),(62,18,'https://res.cloudinary.com/websitemart/image/upload/v1739670956/egf7gldv9oz4dpskufvg.jpg'),(63,18,'https://res.cloudinary.com/websitemart/image/upload/v1739670958/nlcilnwno9jj85eamslq.jpg'),(64,18,'https://res.cloudinary.com/websitemart/image/upload/v1739670959/mbyx5vmbuytwqbwpghyu.jpg'),(65,18,'https://res.cloudinary.com/websitemart/image/upload/v1739670961/w4ydffyaa0w6pprwevl5.jpg'),(66,19,'https://res.cloudinary.com/websitemart/image/upload/v1739671174/bqxh10azxabzahopxv4l.jpg'),(67,19,'https://res.cloudinary.com/websitemart/image/upload/v1739671176/wzheiohj00qje79ihi6y.jpg'),(68,19,'https://res.cloudinary.com/websitemart/image/upload/v1739671178/prrzej6zot7cvuntqbij.jpg'),(69,19,'https://res.cloudinary.com/websitemart/image/upload/v1739671179/yglomahr39rei53wmbsd.jpg'),(70,20,'https://res.cloudinary.com/websitemart/image/upload/v1739671346/qeucfscy8nlcpqpxmr8q.jpg'),(71,20,'https://res.cloudinary.com/websitemart/image/upload/v1739671348/wvs1gxmzstbqkdl9vmwe.jpg'),(72,20,'https://res.cloudinary.com/websitemart/image/upload/v1739671350/wzwrg1yf7iwgcerzmefw.jpg'),(73,20,'https://res.cloudinary.com/websitemart/image/upload/v1739671352/flef8ueupmle1wrgaqyr.jpg'),(74,21,'https://res.cloudinary.com/websitemart/image/upload/v1739671488/bgpipxamzrgpmb1lohpc.png'),(75,21,'https://res.cloudinary.com/websitemart/image/upload/v1739671491/h0oztl5razmntybhluoa.png'),(76,22,'https://res.cloudinary.com/websitemart/image/upload/v1739671610/sfzdfza4fyzliwxctl2n.jpg'),(77,22,'https://res.cloudinary.com/websitemart/image/upload/v1739671612/kipbghfwccf5o77425h5.jpg'),(78,23,'https://res.cloudinary.com/websitemart/image/upload/v1739671811/wbcmbvvss3wuazkuafxc.jpg'),(79,23,'https://res.cloudinary.com/websitemart/image/upload/v1739671812/qsa51wgyktwvqdjuoxwt.jpg'),(80,23,'https://res.cloudinary.com/websitemart/image/upload/v1739671814/uejzevgyfymaymlhxqsc.jpg'),(81,23,'https://res.cloudinary.com/websitemart/image/upload/v1739671816/bfojluyhfzn1gwaqblle.jpg'),(82,24,'https://res.cloudinary.com/websitemart/image/upload/v1739671913/rmzo4uttzquxvws3akke.png'),(83,24,'https://res.cloudinary.com/websitemart/image/upload/v1739671915/dpxjbbiuaohovnxncmzk.png'),(84,25,'https://res.cloudinary.com/websitemart/image/upload/v1739672021/fqtjotejq7iamszqrvq7.png'),(85,25,'https://res.cloudinary.com/websitemart/image/upload/v1739672023/jielgpfciq28cd4gbcmv.png'),(86,25,'https://res.cloudinary.com/websitemart/image/upload/v1739672024/czrzxjhzhxsjim1wbbi1.png'),(87,26,'https://res.cloudinary.com/websitemart/image/upload/v1739672186/mi0emb7ycb7hygbpeudu.png'),(88,26,'https://res.cloudinary.com/websitemart/image/upload/v1739672188/zzrdo0eygrz2qr1pmdmf.png'),(89,26,'https://res.cloudinary.com/websitemart/image/upload/v1739672189/r2dayuoyzxs9vfydfbjr.png'),(90,26,'https://res.cloudinary.com/websitemart/image/upload/v1739672190/vqpjpbrocdpkodjwqngr.png'),(91,27,'https://res.cloudinary.com/websitemart/image/upload/v1739672379/a71umzeitzuaqlyfgmbd.png'),(92,27,'https://res.cloudinary.com/websitemart/image/upload/v1739672381/vovhujvwmjtuajpefhg9.png'),(93,27,'https://res.cloudinary.com/websitemart/image/upload/v1739672383/n1n4hyqwvobpy5jwwq4a.png'),(94,28,'https://res.cloudinary.com/websitemart/image/upload/v1739672491/kpubnzkv4vafo5sznmpx.png'),(95,28,'https://res.cloudinary.com/websitemart/image/upload/v1739672493/g5ekpcpywn6erjhbi5mh.png'),(96,28,'https://res.cloudinary.com/websitemart/image/upload/v1739672495/z0ronavlti2h1yymycyn.png'),(97,29,'https://res.cloudinary.com/websitemart/image/upload/v1739672604/sgmvayjtzutubdja8ypy.jpg'),(98,29,'https://res.cloudinary.com/websitemart/image/upload/v1739672606/kbk0s71r7ga7siomydkh.jpg'),(99,29,'https://res.cloudinary.com/websitemart/image/upload/v1739672608/qsvdnk3pewhufowivsks.jpg'),(100,30,'https://res.cloudinary.com/websitemart/image/upload/v1739672837/lcrmaqcyyktlnkrbjrgm.jpg'),(101,30,'https://res.cloudinary.com/websitemart/image/upload/v1739672838/raj8qrtjkcijvgjnfnaa.jpg'),(102,30,'https://res.cloudinary.com/websitemart/image/upload/v1739672840/qyyuh1twtiafhwx6n8bb.jpg'),(103,30,'https://res.cloudinary.com/websitemart/image/upload/v1739672841/hizfo180bzkdnmivg8nz.jpg'),(104,31,'https://res.cloudinary.com/websitemart/image/upload/v1739673124/jwqyigqgv5yhaf8rdsbe.png'),(105,31,'https://res.cloudinary.com/websitemart/image/upload/v1739673126/vvd5iucsyklr1phewy58.png'),(106,31,'https://res.cloudinary.com/websitemart/image/upload/v1739673128/zddmpfesq4ms6zfxendd.png'),(107,31,'https://res.cloudinary.com/websitemart/image/upload/v1739673129/mm3e8lius20lcm7zwhve.png'),(108,32,'https://res.cloudinary.com/websitemart/image/upload/v1739673316/anlkjxpjebxaaqvdcg2n.jpg'),(109,32,'https://res.cloudinary.com/websitemart/image/upload/v1739673318/fwmgobmvaltk2wpvddag.jpg'),(110,32,'https://res.cloudinary.com/websitemart/image/upload/v1739673319/ckvqv3af51ezfwk8jj9t.jpg'),(111,32,'https://res.cloudinary.com/websitemart/image/upload/v1739673320/xu35eozzic6ebtnadhdd.jpg'),(112,33,'https://res.cloudinary.com/websitemart/image/upload/v1739673502/txrvcgcq4irlwymk3hoh.png'),(113,33,'https://res.cloudinary.com/websitemart/image/upload/v1739673504/rafyvfsspvmn4d5vqcnd.png'),(114,33,'https://res.cloudinary.com/websitemart/image/upload/v1739673505/rzy7m1isjqqrf0oa7vx9.png'),(115,34,'https://res.cloudinary.com/websitemart/image/upload/v1739675583/k56fjjn6hgudnmp9uotb.jpg'),(116,34,'https://res.cloudinary.com/websitemart/image/upload/v1739675584/jnyqgvosrpp8yspemnnh.jpg'),(117,35,'https://res.cloudinary.com/websitemart/image/upload/v1739675672/w4x3rdnuthzxbhucsq9x.jpg'),(118,35,'https://res.cloudinary.com/websitemart/image/upload/v1739675674/o2xx6g2pq6wu1moffsw4.jpg'),(119,35,'https://res.cloudinary.com/websitemart/image/upload/v1739675676/ww90hbomgsxige3kcj1a.jpg'),(125,37,'https://res.cloudinary.com/websitemart/image/upload/v1739865258/dkhgv6ncv1sgicecrnxf.jpg'),(126,37,'https://res.cloudinary.com/websitemart/image/upload/v1739865260/z8qtjje03k07unybrcu4.jpg'),(127,37,'https://res.cloudinary.com/websitemart/image/upload/v1739865262/n0tre284grwhpyfmy98m.jpg'),(128,36,'https://res.cloudinary.com/websitemart/image/upload/v1739865357/uawmtutkxlhzmrmstyf7.png'),(129,36,'https://res.cloudinary.com/websitemart/image/upload/v1739865360/ifm4mdgjv72at2bcwmha.png'),(140,40,'https://res.cloudinary.com/websitemart/image/upload/v1741860596/ea4xyhxv9uj6k2mq3b6d.png'),(141,40,'https://res.cloudinary.com/websitemart/image/upload/v1741860599/mx5efvaqaygszhorl28y.png'),(142,40,'https://res.cloudinary.com/websitemart/image/upload/v1741860601/oak6ok40xarjzb0wbebu.png'),(143,40,'https://res.cloudinary.com/websitemart/image/upload/v1741860604/qqhxnsl4a0ry7y6ctitc.png'),(145,41,'https://res.cloudinary.com/websitemart/image/upload/v1744708348/ocwqbgaks3lzjdmioaka.webp'),(146,41,'https://res.cloudinary.com/websitemart/image/upload/v1744708350/t2ktzygyn1wnhgjpcc9d.webp'),(147,41,'https://res.cloudinary.com/websitemart/image/upload/v1744708351/b8cvn1kezynzxxcv2aay.webp'),(148,42,'https://res.cloudinary.com/websitemart/image/upload/v1744708876/adb1ubkp3fy1ehfaptpj.webp'),(149,42,'https://res.cloudinary.com/websitemart/image/upload/v1744708878/dxl2jvqtwiaa0c4gxy8s.webp'),(150,42,'https://res.cloudinary.com/websitemart/image/upload/v1744708879/za9drfaurpzysmpngekr.webp'),(151,42,'https://res.cloudinary.com/websitemart/image/upload/v1744708881/cd3u1rthmtbcgqkqzci5.webp'),(159,47,'https://res.cloudinary.com/websitemart/image/upload/v1751619854/oo8ll0xqchlu9huwlfjz.webp'),(160,47,'https://res.cloudinary.com/websitemart/image/upload/v1751619854/cmgwndtdhg5v457u9kah.webp'),(161,47,'https://res.cloudinary.com/websitemart/image/upload/v1751619854/fyuyiu0wrt2pb7acjywl.webp'),(162,48,'https://res.cloudinary.com/websitemart/image/upload/v1751621670/tlhshgmm8nglgj0abrum.webp'),(163,48,'https://res.cloudinary.com/websitemart/image/upload/v1751621670/wiazovbtkix9nmgbhsb1.webp'),(164,48,'https://res.cloudinary.com/websitemart/image/upload/v1751621670/yuwbgu0fpd8ioypohoov.webp'),(165,49,'https://res.cloudinary.com/websitemart/image/upload/v1751622163/nrxjrfkkdokqkmxiacxo.webp'),(166,49,'https://res.cloudinary.com/websitemart/image/upload/v1751622163/skuzqbgiibi0r5hmz5v2.webp'),(167,49,'https://res.cloudinary.com/websitemart/image/upload/v1751622163/lwa2i8cobrj3pcq48au8.webp');
/*!40000 ALTER TABLE `product_images` ENABLE KEYS */;
UNLOCK TABLES;

--
-- Table structure for table `products`
--

DROP TABLE IF EXISTS `products`;
/*!40101 SET @saved_cs_client     = @@character_set_client */;
/*!50503 SET character_set_client = utf8mb4 */;
CREATE TABLE `products` (
  `id` int NOT NULL AUTO_INCREMENT,
  `name` varchar(350) DEFAULT NULL COMMENT 'Tên sản phẩm',
  `price` float NOT NULL,
  `url_image` varchar(300) DEFAULT '',
  `description` longtext,
  `create_at` datetime DEFAULT NULL,
  `quantity` int NOT NULL,
  `sold` int DEFAULT NULL,
  `update_at` datetime DEFAULT NULL,
  `category_id` int DEFAULT NULL,
  `brand_id` int DEFAULT NULL,
  `is_deleted` tinyint(1) DEFAULT '0',
  PRIMARY KEY (`id`),
  KEY `category_id` (`category_id`),
  KEY `fk_product_brand` (`brand_id`),
  CONSTRAINT `fk_product_brand` FOREIGN KEY (`brand_id`) REFERENCES `brands` (`id`) ON DELETE SET NULL,
  CONSTRAINT `products_ibfk_1` FOREIGN KEY (`category_id`) REFERENCES `categories` (`id`),
  CONSTRAINT `products_chk_1` CHECK ((`price` >= 0)),
  CONSTRAINT `products_chk_2` CHECK ((`quantity` >= 0)),
  CONSTRAINT `products_chk_3` CHECK ((`quantity` >= 0))
) ENGINE=InnoDB AUTO_INCREMENT=50 DEFAULT CHARSET=utf8mb4 COLLATE=utf8mb4_0900_ai_ci;
/*!40101 SET character_set_client = @saved_cs_client */;

--
-- Dumping data for table `products`
--

LOCK TABLES `products` WRITE;
/*!40000 ALTER TABLE `products` DISABLE KEYS */;
INSERT INTO `products` VALUES (2,'Iphone 16 Pro 128GB',27490000,'https://res.cloudinary.com/websitemart/image/upload/v1739590173/aekpspkbrqaizigv6kss.png','Với chip A18 Pro đẳng cấp, iPhone 16 Pro đem lại trải nghiệm bứt phá trong mọi tác vụ. Sản phẩm được gia tăng mạnh mẽ về thời lượng pin và có nút Điều Khiển Camera hoàn toàn mới. Ngoài ra, đây còn là dòng iPhone đầu tiên được thiết kế để vận hành với bộ tính năng Apple Intelligence tiện dụng.','2025-02-14 08:54:47',100,3,'2025-02-15 10:29:38',1,1,0),(3,'Iphone 16 Pro Max 512GB',39590000,'https://res.cloudinary.com/websitemart/image/upload/v1739590030/f9yysstokj8aajwchgkx.png','Gây ấn tượng bởi kiểu dáng thanh lịch, iPhone 16 Pro Max có cấu trúc khung vỏ được chế tác kỳ công từ chất liệu Titan Cấp 5 siêu bền và siêu nhẹ. Ngoài ra, Apple cũng cải tiến cấu trúc tản nhiệt bên trong thân máy để duy trì hiệu suất tốt hơn 20% so với thế hệ cũ, đem đến cho người dùng một thiết bị vừa sang trọng, vừa mạnh mẽ.','2025-02-15 10:16:28',100,4,'2025-02-15 10:27:14',1,1,0),(4,'Iphone 16 256GB',24390000,'https://res.cloudinary.com/websitemart/image/upload/v1739589764/ajrorkvs50riveoordxm.png','Đánh dấu cuộc bứt phá về cả phần cứng và phần mềm, iPhone 16 thường phiên bản 128GB sở hữu chip xử lý A18 mạnh mẽ, đồng thời được thiết kế nhằm phát huy hết sức mạnh của bộ công cụ Apple Intelligence. Sản phẩm có nút Điều Khiển Camera tân tiến và đạt thời lượng pin cực kỳ ấn tượng.','2025-02-15 10:22:29',100,5,'2025-02-15 10:22:50',1,1,0),(5,'Iphone 15 Pro Max 512GB',34490000,'https://res.cloudinary.com/websitemart/image/upload/v1739590407/hoxoehvwzv0haps5ulwj.jpg','Iphone 15 Pro Max là chiếc iPhone cao cấp nhất với màn hình lớn nhất, thời lượng pin tốt nhất, cấu hình mạnh nhất và thiết kế khung Titan chuẩn hàng không vũ trụ siêu bền, siêu nhẹ. iPhone 15 Pro Max sở hữu những điểm vượt trội nhất nhà Apple. Theo đó, người dùng sẽ trải nghiệm chiếc iPhone cao cấp với hiệu năng “khủng” chip A17 Pro, khung titan, khả năng zoom nâng cấp, nút tác vụ mới,…','2025-02-15 10:33:05',100,6,'2025-02-15 10:33:30',1,1,0),(6,'Iphone 15 Pro 256GB',27490000,'https://res.cloudinary.com/websitemart/image/upload/v1739590598/tlbs05axkmn19laei6rq.jpg','Hãy tận hưởng những trải nghiệm thực sự đỉnh cao cùng iPhone 15 Pro, chiếc điện thoại thể hiện rõ sự sang trọng với khung vỏ Titan đẳng cấp, chip A17 Pro siêu mạnh và nút Tác Vụ hoàn toàn mới. Loạt nâng cấp ở camera mang tới năng lực thu phóng ấn tượng chưa từng có trên dòng iPhone.','2025-02-15 10:35:47',50,7,'2025-02-15 10:36:40',1,1,0),(7,'Iphone 14 Pro Max 256GB',22490000,'https://res.cloudinary.com/websitemart/image/upload/v1739591357/epk4qsydxfvjnesbtnre.jpg','iPhone 14 Pro Max đem đến những trải nghiệm không thể tìm thấy trên mọi thế hệ iPhone trước đó với màu Tím Deep Purple sang trọng, camera 48MP lần đầu xuất hiện, chip A16 Bionic và màn hình “viên thuốc” Dynamic Island linh hoạt, nịnh mắt.','2025-02-15 10:48:59',20,8,'2025-02-15 10:49:20',1,1,0),(8,'Samsung Galaxy S24 Ultra 5G 1TB',40490000,'https://res.cloudinary.com/websitemart/image/upload/v1739591681/csreymbk1becxggkvioq.png','Samsung Galaxy S24 Ultra là chiếc điện thoại Galaxy thông minh nhất từ trước đến nay với quyền năng kết nối, quyền năng sáng tạo và quyền năng giải trí đều được hỗ trợ bởi trí tuệ nhân tạo Galaxy AI. Thiết kế hoàn toàn mới từ bộ khung Titan đẳng cấp, siêu camera độ phân giải lên tới 200MP và bộ vi xử lý Snapdragon 8 Gen 3 for Galaxy sẽ mang đến trải nghiệm thú vị chưa từng có dành cho bạn.','2025-02-15 10:53:59',100,0,'2025-02-15 10:54:48',1,2,0),(9,'Samsung Galaxy S24 5G 256GB',17990000,'https://res.cloudinary.com/websitemart/image/upload/v1739591892/n3svuua5wzetmkmcenfr.png','Galaxy S24 là sản phẩm hoàn hảo cho những người thích sự nhỏ gọn và mượt mà trong lòng bàn tay. Với kiểu dáng gọn gàng, thiết kế nguyên khối và lớp satin phủ bề mặt, Samsung S24 cho cảm giác cầm nắm chắc chắn và thích thú. Chiếc điện thoại này có màu sắc sang trọng lấy cảm hứng từ khoáng sản quý giá.','2025-02-15 10:57:30',70,0,'2025-02-15 10:58:17',1,2,0),(10,'Samsung Galaxy S23 Ultra 5G 256GB',23990000,'https://res.cloudinary.com/websitemart/image/upload/v1739592141/pyxkw1xpfcnzdzojjkhc.jpg','Tự hào là điện thoại Galaxy đầu tiên sở hữu cảm biến tuyệt đỉnh 200MP, Samsung Galaxy S23 Ultra đưa người dùng vào không gian nhiếp ảnh tân tiến vượt trội. Sức mạnh còn bùng nổ với vi xử lý Snapdragon mạnh nhất cho cách mạng hiệu năng gaming đột phá. Tất cả được gói gọn trong thiết kế cao cấp và bền vững cho hiện tại và tương lai.','2025-02-15 11:01:37',100,0,'2025-02-15 11:02:26',1,2,0),(11,'Samsung Galaxy S23 5G 256GB',14990000,'https://res.cloudinary.com/websitemart/image/upload/v1739669748/yg0zfbeznpogrzwubsh2.jpg','Tuyệt tác Samsung Galaxy S23 thế hệ mới tối ưu toàn diện, vượt chuẩn cao cấp, cho trải nghiệm hoàn hảo từ sắc màu hiện đại, nhiếp ảnh đêm đậm chất điện ảnh Nightography đến bộ vi xử lý 4nm Snapdragon 8 Gen 2 for Galaxy mạnh mẽ, phát huy tối đa tiềm lực công nghệ hàng đầu của Samsung trên thế hệ S23.','2025-02-15 11:04:10',50,0,'2025-02-16 08:35:53',1,2,0),(12,'Samsung Galaxy S25 Ultra 5G 12GB 256GB',29990000,'https://res.cloudinary.com/websitemart/image/upload/v1739669928/xtxjo6b71iqpe6jdohwt.png','Samsung Galaxy S25 Ultra là chiếc điện thoại cao cấp nhất của nhà Samsung với những tính năng tiên phong dẫn đầu. Smartphone sở hữu thiết kế sang trọng, bền bỉ bởi khung Titan đẳng cấp kết hợp đó là trọn bộ công cụ AI thế hệ mới và Snapdragon 8 Elite for Galaxy mạnh mẽ, đảm bảo hiệu suất vượt trội, khả năng xử lý thông minh và trải nghiệm người dùng đỉnh cao.','2025-02-16 08:38:01',50,0,'2025-02-16 08:38:56',1,2,0),(13,'Samsung Galaxy S25 5G 12GB 256GB',18990000,'https://res.cloudinary.com/websitemart/image/upload/v1739670088/qrcynodimiyrcssga9ky.png','Với Galaxy S25 series, Samsung mở ra chương mới cho dòng Galaxy S với thiết kế mỏng chưa từng có cùng trải nghiệm Galaxy AI được nâng cấp cực kỳ toàn diện. Cầm thiết bị trong tay, bạn dễ dàng lưu trữ những khoảnh khắc đáng nhớ thông qua cơ chế quay chụp xuất sắc bậc nhất thị trường smartphone hiện tại.','2025-02-16 08:40:51',100,0,'2025-02-16 08:41:34',1,2,0),(14,'Laptop Acer Swift 3 SF314-512-741L i7 1260P/16GB/1T/14',18990000,'https://res.cloudinary.com/websitemart/image/upload/v1739670256/rulnp4moz9ndqgviluvs.jpg','Acer Swift 3 SF314-512-741L vẫn giữ được sự mỏng nhẹ, tinh tế nhưng mạnh mẽ hơn bao giờ hết. Bạn sẽ được trải nghiệm bộ vi xử lý Intel Core i7 gen 12 siêu mạnh và màn hình 2K sắc nét, nâng tầm giá trị cuộc sống.','2025-02-16 08:43:32',50,0,'2025-02-16 08:44:20',2,3,0),(15,'Laptop Asus TUF Gaming FX507ZC4-HN095W i5 12500H/16GB/512GB/15.6',20490000,'https://res.cloudinary.com/websitemart/image/upload/v1739670434/sz2nt3jvveedapv4fv08.png','Asus TUF Gaming FX507ZC4-HN095W sẽ luôn đồng hành dài lâu bên bạn trong mọi trận đấu và mang về chiến thắng đầy vinh quang. Chiếc laptop gaming này sở hữu cấu hình mạnh đáng mơ ước, đồng thời tích hợp nhiều thứ giúp cho những cuộc vui trong thế giới ảo của bạn thêm phần hoàn mỹ.','2025-02-16 08:45:43',50,0,'2025-02-16 08:47:19',2,4,0),(16,'Laptop Acer Aspire Lite AL16-51P-55N7 i5 1235U/16GB/512GB/16',13490000,'https://res.cloudinary.com/websitemart/image/upload/v1739670638/wobmsvd8wjcs3oztr91i.png','Acer Aspire Lite AL16-51P-55N7 là chiếc laptop văn phòng thế hệ mới được Acer trình làng đầu năm 2024. Sở hữu cấu hình với sự góp mặt của chipset Intel Core i5 1235U, 16GB RAM, ổ cứng SSD 512GB và màn hình 16 inch siêu sắc nét, đây sẽ là lựa chọn lý tưởng hàng đầu cho những người đang tìm kiếm chiếc laptop mạnh mẽ ở phân khúc tầm trung.','2025-02-16 08:49:25',50,0,'2025-02-16 08:50:44',2,3,0),(17,'Laptop Asus Vivobook E1404FA-NK186W R5 7520U/16GB/512GB/14',12390000,'https://res.cloudinary.com/websitemart/image/upload/v1739670814/vk7bkrpt2prd3jez4wbg.jpg','ASUS Vivobook E1404FA-NK186W thuộc dòng Vivobook Go 14, dòng laptop hiệu năng cao giá rẻ giúp bạn làm việc hiệu quả mọi lúc mọi nơi. Với bộ vi xử lý AMD 7000 series mạnh mẽ, trang bị sẵn tới 16GB RAM, 512GB SSD, Vivobook E1404FA sẽ mang đến trải nghiệm làm việc thoải mái, vô cùng mượt mà.','2025-02-16 08:52:15',30,0,'2025-02-16 08:53:40',2,4,0),(18,'Laptop Lenovo Gaming LOQ 15IAX9 i5 12450HX/AI/24GB/512GB/15.6',19490000,'https://res.cloudinary.com/websitemart/image/upload/v1739670956/egf7gldv9oz4dpskufvg.jpg','Lên kệ với mức giá rất vừa túi tiền game thủ Việt, Lenovo LOQ 15IAX9 i5 12450HX ghi điểm nhờ phong cách thiết kế gọn gàng nhưng vẫn toát lên tinh thần gaming đậm nét. Sản phẩm sở hữu cấu hình mạnh mẽ với chip Intel Core i5 12450HX cùng card đồ họa rời RTX 2050, cung cấp hiệu năng chơi game cực tốt.','2025-02-16 08:54:49',20,0,'2025-02-16 08:56:02',2,5,0),(19,'Laptop Gigabyte Gaming G5 MF5-H2PH353KH i7 13620H/16GB/512GB/15.6',22990000,'https://res.cloudinary.com/websitemart/image/upload/v1739671174/bqxh10azxabzahopxv4l.jpg','Gigabyte G5 MF5-H2PH353KH là chiếc laptop gaming được thiết kế đặc biệt để đáp ứng nhu cầu của game thủ và những người sáng tạo nội dung. Sự kết hợp giữa thiết kế tinh tế và hiệu năng vượt trội đã tạo nên một sản phẩm đáng giá trong phân khúc laptop gaming hiện nay.','2025-02-16 08:58:16',25,0,'2025-02-16 08:59:41',2,6,0),(20,'Laptop Lenovo Ideapad 1 - 14ALC7 R7 5700U/16GB/512GB/14.0',12590000,'https://res.cloudinary.com/websitemart/image/upload/v1739671346/qeucfscy8nlcpqpxmr8q.jpg','Tự tin làm việc, khám phá và kết nối trên Lenovo IdeaPad 1 14ALC7, chiếc laptop trang bị bộ vi xử lý AMD Ryzen 7 cao cấp, có sẵn tới 16 GB RAM cùng màn hình Full HD sắc nét. Ngoài ra với thiết kế siêu mỏng nhẹ, IdeaPad 1 sẽ sẵn sàng đồng hành cùng bạn trên mọi nẻo đường.','2025-02-16 09:00:56',70,0,'2025-02-16 09:02:33',2,5,0),(21,'MacBook Pro 14 M4 Pro 2024 12CPU/16GPU/24GB/512GB',49990000,'https://res.cloudinary.com/websitemart/image/upload/v1739671488/bgpipxamzrgpmb1lohpc.png','Bạn đang tìm kiếm một chiếc laptop vừa mạnh mẽ, vừa tinh tế để tối ưu hóa công việc và giải trí? MacBook Pro 14 2024 chính là sự lựa chọn hoàn hảo dành cho bạn. Với chip Apple M4 Pro mới nhất, thời lượng pin đáng kinh ngạc, màn hình rực rỡ và hệ thống Apple Intelligence, chiếc laptop này sẽ mang lại trải nghiệm vượt ngoài mong đợi.','2025-02-16 09:03:57',15,0,'2025-02-16 09:04:52',2,1,0),(22,'Macbook Air M3 15 2024 8CPU 10GPU/8GB/512GB',32990000,'https://res.cloudinary.com/websitemart/image/upload/v1739671610/sfzdfza4fyzliwxctl2n.jpg','Được thiết kế và sản xuất bởi thương hiệu hàng đầu thế giới – Apple,  MacBook Air 15 2024 sở hữu chip M3 độc quyền thế hệ mới, mang lại trải nghiệm sử dụng mượt mà và ghi điểm mạnh nhờ diện mạo tinh tế, sang trọng. Hãy sẵn sàng nâng tầm công việc, giải trí và phong cách sống với thiết bị đầy cuốn hút này.','2025-02-16 09:05:52',20,0,'2025-02-16 09:06:53',2,1,0),(23,'Samsung Smart TV Crystal UHD 65 inch 4K UA65AU7700',12490000,'https://res.cloudinary.com/websitemart/image/upload/v1739671811/wbcmbvvss3wuazkuafxc.jpg','Là sản phẩm tuyệt vời dành cho những phòng khách sang trọng, Samsung UA65AU7700 không chỉ gây ấn tượng bởi kích cỡ 65 inch khổng lồ, mà còn khoe dáng với thiết kế cực mỏng, tấm nền 4K siêu sắc nét có thể hiển thị được những gam màu nổi bật nhờ công nghệ PurColor độc quyền.','2025-02-16 09:08:43',30,0,'2025-02-16 09:10:17',3,2,0),(24,'Samsung Smart TV QLED 43 inch 4K QA43Q60D',12190000,'https://res.cloudinary.com/websitemart/image/upload/v1739671913/rmzo4uttzquxvws3akke.png','Smart Tivi Samsung QLED 4K 43 inch QA43Q60D là sự lựa chọn tối ưu cho những ai yêu thích sự hiện đại và mong muốn có trải nghiệm giải trí hoàn hảo trong không gian sống. Thiết bị sở hữu công nghệ QLED và độ phân giải 4K, mang lại chất lượng khung hình sắc nét, sống động trên từng nội dung. Ngoài ra, tivi còn trang bị nhiều công nghệ hình ảnh và âm thanh xuất sắc như Quantum Dot, Motion Xcelerator, Q-Symphony, Adaptive Sound,… mang đến trải nghiệm thưởng thức mãn nhãn và không giới hạn.','2025-02-16 09:11:08',25,0,'2025-02-16 09:11:56',3,2,0),(25,'Samsung Smart TV 50 inch 4K UA50DU8000',13690000,'https://res.cloudinary.com/websitemart/image/upload/v1739672021/fqtjotejq7iamszqrvq7.png','Với Smart Tivi Samsung 4K 50 inch UA50DU8000, gia đình bạn sẽ có những phút giây giải trí hoàn hảo thông qua hình ảnh sắc nét và âm thanh sống động. Tivi tích hợp nhiều công nghệ tiên tiến như Dynamic Crystal Color, Crystal 4K, Adaptive Sound, OTS,... tạo ra những khung hình rực rỡ và giai điệu bao trùm. Với thiết kế tinh tế cùng màn hình 50 inch, đây sẽ là lựa chọn lý tưởng cho bất kỳ ai mong muốn nâng cấp trải nghiệm giải trí tại gia.','2025-02-16 09:12:54',20,0,'2025-02-16 09:13:45',3,2,0),(26,'LG Smart TV 43 inch 4K 43UQ7050PSA',7690000,'https://res.cloudinary.com/websitemart/image/upload/v1739672186/mi0emb7ycb7hygbpeudu.png','LG Smart Tivi 4K 43 inch 43UQ7050PSA là sự lựa chọn tuyệt vời cho những ai tìm kiếm một chiếc tivi chất lượng cao với nhiều tính năng thông minh và hiện đại. Sở hữu màn hình 4K Ultra HD cùng công nghệ 4K Upscaling và HDR10 Pro, thiết bị này mang đến trải nghiệm giải trí sống động và chân thực. Bên cạnh hình ảnh, chất lượng âm thanh của thiết bị cũng được tăng cường nhờ AI Sound (Virtual 5.1 Up-mix)','2025-02-16 09:15:26',40,0,'2025-02-16 09:16:31',3,7,0),(27,'Xiaomi Google TV 55 inch 4K A L55MA-ASEA',8490000,'https://res.cloudinary.com/websitemart/image/upload/v1739672379/a71umzeitzuaqlyfgmbd.png','Xiaomi Google Tivi 4K 55 inch A 55 2025 (L55MA-ASEA) là một trong những sản phẩm tiêu biểu trong dòng tivi thông minh của thương hiệu Xiaomi. Với màn hình 4K sắc nét, âm thanh vòm sống động và hàng loạt tính năng tiện ích, thiết bị này hứa hẹn sẽ mang đến cho bạn những trải nghiệm giải trí tuyệt vời nhất.','2025-02-16 09:18:17',35,0,'2025-02-16 09:19:44',3,8,0),(28,'Xiaomi Google TV QLED 65 inch 4K A Pro L65MA-SSEA',13990000,'https://res.cloudinary.com/websitemart/image/upload/v1739672491/kpubnzkv4vafo5sznmpx.png','Xiaomi Google Tivi QLED 4K A Pro 65 inch 2025 (L65MA-SSEA) mang đến trải nghiệm người dùng vượt trội nhờ tích hợp nhiều công nghệ hiện đại. Với màn hình lớn 65 inch cùng độ phân giải 4K, thiết bị này tạo ra chất lượng hình ảnh sắc nét và chi tiết. Không đơn thuần chỉ là một chiếc tivi, Xiaomi QLED 4K A Pro 2025 còn là một trung tâm giải trí thông minh với kho ứng dụng phong phú từ hệ điều hành Google TV.','2025-02-16 09:20:45',25,0,'2025-02-16 09:21:36',3,8,0),(29,'Xiaomi Google TV 65 inch 4K A Pro L65M8-A2SEA',12390000,'https://res.cloudinary.com/websitemart/image/upload/v1739672604/sgmvayjtzutubdja8ypy.jpg','Cùng mở ra trải nghiệm giải trí vô tận với Xiaomi TV A Pro 65. Không chỉ gây ấn tượng với tấm nền 65 inch rộng mở, sản phẩm còn mang tới những khuôn hình đã mắt với độ phân giải 4K. Sự hỗ trợ của những công nghệ như Dolby Audio DTS-X và DTS Virtual:X mang tới trải nghiệm chất từng thanh âm, khiến cho việc diễn đạt nội dung trở nên thật sự trọn vẹn, sống động.','2025-02-16 09:22:18',30,0,'2025-02-16 09:23:29',3,8,0),(30,'Casper Android TV 32 inch HD 32HG5200',3390000,'https://res.cloudinary.com/websitemart/image/upload/v1739672837/lcrmaqcyyktlnkrbjrgm.jpg','Casper Google Tivi HD 32 inch 32HG5200 sở hữu kích thước nhỏ gọn, đưa bạn đắm chìm vào không gian giải trí chất lượng với mức giá vô cùng phải chăng. Công nghệ HDR10, Super Brightness kết hợp với hệ thống loa 20W và công nghệ Dolby Digital mang tới trải nghiệm nghe nhìn hoàn hảo ngay tại chính ngôi nhà của bạn.','2025-02-16 09:25:06',50,0,'2025-02-16 09:27:22',3,9,0),(31,'Casper Android TV 55 inch 4K 55UGA610',7990000,'https://res.cloudinary.com/websitemart/image/upload/v1739673124/jwqyigqgv5yhaf8rdsbe.png','Casper Google Tivi UHD 4K 55 inch 55UGA610 sở hữu màn hình rộng lớn cùng với độ phân giải sắc nét, đáp ứng nhu cầu giải trí hàng ngày của các thành viên trong gia đình. Tivi được trang bị công nghệ âm thanh và hình ảnh tiên tiến như HDR và Dolby Digital Plus, mang đến hình ảnh sống động và âm thanh chất lượng vượt trội. Đặc biệt, thiết bị còn tích hợp trợ lý ảo Google để tối ưu hóa việc tìm kiếm bằng giọng nói, đem lại sự tiện nghi và thoải mái nhất khi sử dụng.','2025-02-16 09:30:52',40,0,'2025-02-16 09:32:10',3,9,0),(32,'Casper Android TV QLED 55 inch 4K 55QG8000',7990000,'https://res.cloudinary.com/websitemart/image/upload/v1739673316/anlkjxpjebxaaqvdcg2n.jpg','Trải nghiệm thế giới giải trí đỉnh cao với hình ảnh sắc nét cùng chiếc tivi 4k, cùng với đó là hệ thống âm thanh vòm sống động và kho ứng dụng phong phú, Casper Google Tivi QLED 4K 55QG8000 chính là lựa chọn hàng đầu trong phân khúc tivi tầm trung. Với loạt công nghệ hình ảnh tiên tiến nhất hiện nay, sản phẩm đảm bảo mang đến những giây phút giải trí khiến bạn không thể rời mắt.','2025-02-16 09:34:47',40,0,'2025-02-16 09:35:22',3,9,0),(33,'Casper Smart TV 32 inch HD 32HGK610',4290000,'https://res.cloudinary.com/websitemart/image/upload/v1739673502/txrvcgcq4irlwymk3hoh.png','Casper Google Tivi HD 32 inch 32HGK610 là một chiếc tivi thông minh với đầy đủ các tính năng hiện đại và tiện ích. Được trang bị hàng loạt công nghệ tiên tiến như HDR10, Dolby Digital Plus cùng với hệ điều hành Google TV cung cấp hơn 7000 ứng dụng, Casper Google Tivi hứa hẹn đáp ứng mọi nhu cầu giải trí, từ xem phim, nghe nhạc cho đến chơi game và lướt web.','2025-02-16 09:37:14',45,0,'2025-02-16 09:38:26',3,9,0),(34,'Apple Watch Series 9 GPS + Cellular 45mm',11990000,'https://res.cloudinary.com/websitemart/image/upload/v1739675583/k56fjjn6hgudnmp9uotb.jpg','Apple Watch Series 9 GPS Cellular viền nhôm mang tới những trải nghiệm chưa từng có ở bất cứ phiên bản Apple Watch nào trước đó. Sản phẩm được trang bị chip S9 SiP siêu mạnh, hỗ trợ cơ chế chạm hai ngón tay để nhận lệnh và tăng gấp đôi cường độ sáng màn hình. Phiên bản bạn đang theo dõi hỗ trợ eSIM để nghe gọi trực tiếp mà không phụ thuộc vào kết nối với iPhone.','2025-02-16 10:12:22',30,0,'2025-02-16 10:13:06',5,1,0),(35,'Apple Watch Ultra 2 GPS + Cellular 49mm',20990000,'https://res.cloudinary.com/websitemart/image/upload/v1739675672/w4x3rdnuthzxbhucsq9x.jpg','Với chip S9 SiP mới, Apple Watch Ultra 2 đánh dấu bước đột phá về trải nghiệm khi mang tới loạt tính năng hữu ích. Sản phẩm được hoàn thiện từ chất liệu vỏ titan, đạt độ bền theo tiêu chuẩn quân sự và sở hữu màn hình sáng nhất trong các thế hệ Apple Watch từ trước đến nay.','2025-02-16 10:13:45',25,0,'2025-02-16 10:14:37',5,1,0),(36,'Apple Watch Series 10 GPS 46mm',10890000,'https://res.cloudinary.com/websitemart/image/upload/v1739865357/uawmtutkxlhzmrmstyf7.png','Apple Watch Series 10 đem lại sự đổi mới về thiết kế với khung vỏ siêu mỏng cùng màn hình lớn hơn bao giờ hết. Với kiểu dáng bóng bẩy sang trọng, sản phẩm là phụ kiện tô điểm phong cách thời trang của bạn. Ngoài ra, cơ chế theo dõi sức khỏe và hỗ trợ thể thao vượt trội góp phần biến thiết bị thành bạn đồng hành lý tưởng với những ai đam mê tập luyện mỗi ngày.','2025-02-16 10:18:27',35,0,'2025-02-18 14:56:02',5,1,0),(37,'Đồng hồ thông minh Garmin Venu 3',11090000,'https://res.cloudinary.com/websitemart/image/upload/v1739865258/dkhgv6ncv1sgicecrnxf.jpg','Không đơn thuần là phụ kiện thời trang và hỗ trợ luyện tập, Garmin Venu 3 còn là giải pháp để bạn thấu hiểu bản thân hơn thông qua cơ chế hỗ trợ chăm sóc giấc ngủ. Sản phẩm có thể chấm điểm giấc ngủ mỗi đêm, đưa ra cơ chế huấn luyện để bạn cải thiện chất lượng nghỉ ngơi một cách hiệu quả','2025-02-18 14:52:44',30,0,'2025-02-18 14:54:24',5,10,0),(40,'Xiaomi 14T Pro 5G 12GB 512GB',16490000,'https://res.cloudinary.com/websitemart/image/upload/v1741860596/ea4xyhxv9uj6k2mq3b6d.png','Xiaomi 14T Pro không chỉ nổi bật với sự hợp tác giữa thương hiệu và Leica tạo nên một chiếc smartphone hàng đầu về nhiếp ảnh mà còn có hiệu suất mạnh mẽ bậc nhất trong phân khúc. Điện thoại thể hiện sự toàn diện khi cung cấp trải nghiệm nghe nhìn ấn tượng và khả năng vận hành bền bỉ.','2025-03-13 17:05:33',30,0,'2025-03-13 17:10:05',1,8,0),(41,'Xiaomi Redmi Note 14 5G 8GB 256GB',7290000,'https://res.cloudinary.com/websitemart/image/upload/v1744708348/ocwqbgaks3lzjdmioaka.webp','Redmi Note 14 5G được trang bị cụm camera ấn tượng, mở ra một thế giới nhiếp ảnh đầy sáng tạo và sắc nét. Điểm nhấn của hệ thống camera chính là cảm biến AI 108MP, không chỉ sở hữu độ phân giải cao mà còn tích hợp công nghệ chống rung quang học (OIS). Sự kết hợp giữa OIS và thuật toán siêu phân giải giúp từng bức ảnh trở nên rõ nét, ngay cả khi chụp trong điều kiện thiếu sáng.','2025-04-15 15:54:58',30,2,'2025-04-15 16:12:32',1,8,0),(42,'Xiaomi Redmi Note 14 6GB 128GB',5122000,'https://res.cloudinary.com/websitemart/image/upload/v1744708876/adb1ubkp3fy1ehfaptpj.webp','Xiaomi trở lại đường đua với dải sản phẩm Redmi Note 14 series ngay đầu năm 2025. Như thường lệ, Redmi Note 14 sở hữu những nâng cấp ấn tượng so với thế hệ trước đó với dung lượng pin lớn, hệ thống camera 108MP chất lượng, nhiều tính năng AI và thiết kế tinh tế, cứng cáp. Đây tiếp tục là “át chủ bài” mà thương hiệu mang đến nhằm cạnh tranh mạnh mẽ trong phân khúc dưới 5 triệu đồng.','2025-04-15 16:19:13',30,1,'2025-07-04 10:04:56',1,8,0),(47,'Apple Watch Series 10 GPS + Cellular 46mm Viền Titan Dây Milanese',21900000,'https://res.cloudinary.com/websitemart/image/upload/v1751619854/cmgwndtdhg5v457u9kah.webp','Thế hệ Apple Watch Series 10 được trang bị màn hình OLED với kích thước lớn hơn đến 75% so với Series 3 và 30% so với các phiên bản như Series 4, 5, 6 và SE. Đây là màn hình lớn nhất từ trước đến nay của dòng Apple Watch, mang lại không gian hiển thị vượt trội, giúp bạn dễ dàng theo dõi mọi thông tin cần thiết ngay trên cổ tay mình.\n\nCông nghệ OLED cung cấp góc nhìn rộng và hiển thị cực kỳ sắc nét, đảm bảo mọi thông tin được diễn đạt rõ ràng chỉ với một lần liếc mắt. Đặc biệt, độ sáng màn hình được tăng cường thêm 40%, giúp bạn dễ dàng quan sát ngay cả dưới ánh nắng chói chang ngoài trời. Dù bạn tập luyện trong nhà hay chạy bộ ngoài trời, Apple Watch Series 10 luôn đảm bảo trải nghiệm hiển thị tuyệt vời.','2025-07-04 16:04:12',10,0,'2025-07-04 16:04:15',5,1,0),(48,'Xiaomi Poco M7 Pro 5G 8GB 256GB',5870000,'https://res.cloudinary.com/websitemart/image/upload/v1751621670/wiazovbtkix9nmgbhsb1.webp','POCO M7 Pro 5G không đơn thuần là một chiếc điện thoại, mà là một tổ hợp giải trí và làm việc di động, được tinh chỉnh kỹ lưỡng từ hiệu năng, pin, màn hình hiển thị cho đến camera và hệ thống âm thanh. Mọi yếu tố đều hội tụ để mang lại trải nghiệm tốt nhất trong tầm giá, khiến POCO M7 Pro 5G trở thành đối thủ đáng gờm trong phân khúc tầm trung.','2025-07-04 16:34:29',20,0,'2025-07-04 16:34:31',1,8,0),(49,'Samsung Galaxy A16 5G 8GB 128GB',5780000,'https://res.cloudinary.com/websitemart/image/upload/v1751622163/nrxjrfkkdokqkmxiacxo.webp','Samsung Galaxy A16 5G được đánh giá là chiếc smartphone giải trí tốt bởi màn hình lớn 6.7 inch, sử dụng tấm nền Super AMOLED. Đây là công nghệ màn hình cao cấp được phát triển bởi Samsung, cho từng chi tiết đều sắc nét, tái tạo màu ấn tượng. Nhờ vậy, người dùng có thể đắm chìm trong các nội dung yêu thích, giải trí, xem phim, gaming cùng chất lượng hình ảnh đẹp và sắc màu sống động, rực rỡ. Một điểm cộng nữa của Galaxy A16 5G là tần số quét 90Hz, giúp các thao tác vuốt chạm trở nên mượt mà hơn, đặc biệt là khi xem video, chơi game hay cuộn trang.','2025-07-04 16:42:42',30,0,'2025-07-05 09:09:02',1,2,0);
/*!40000 ALTER TABLE `products` ENABLE KEYS */;
UNLOCK TABLES;

--
-- Table structure for table `rates`
--

DROP TABLE IF EXISTS `rates`;
/*!40101 SET @saved_cs_client     = @@character_set_client */;
/*!50503 SET character_set_client = utf8mb4 */;
CREATE TABLE `rates` (
  `id` int NOT NULL AUTO_INCREMENT,
  `product_id` int NOT NULL,
  `user_id` int NOT NULL,
  `rating` int DEFAULT NULL,
  `create_at` timestamp NULL DEFAULT NULL,
  `update_at` timestamp NULL DEFAULT NULL,
  `comment_id` int NOT NULL,
  PRIMARY KEY (`id`),
  UNIQUE KEY `product_id` (`product_id`,`user_id`),
  UNIQUE KEY `comment_id` (`comment_id`),
  KEY `user_id` (`user_id`),
  CONSTRAINT `fk_rates_comment` FOREIGN KEY (`comment_id`) REFERENCES `comments` (`id`) ON DELETE CASCADE,
  CONSTRAINT `rates_ibfk_1` FOREIGN KEY (`product_id`) REFERENCES `products` (`id`) ON DELETE CASCADE,
  CONSTRAINT `rates_ibfk_2` FOREIGN KEY (`user_id`) REFERENCES `users` (`id`) ON DELETE CASCADE,
  CONSTRAINT `rates_chk_1` CHECK ((`rating` between 1 and 5))
) ENGINE=InnoDB AUTO_INCREMENT=33 DEFAULT CHARSET=utf8mb4 COLLATE=utf8mb4_0900_ai_ci;
/*!40101 SET character_set_client = @saved_cs_client */;

--
-- Dumping data for table `rates`
--

LOCK TABLES `rates` WRITE;
/*!40000 ALTER TABLE `rates` DISABLE KEYS */;
INSERT INTO `rates` VALUES (1,3,3,5,'2025-03-11 03:45:06','2025-03-11 03:45:06',24),(2,2,1,5,'2025-03-11 03:45:49','2025-03-11 03:45:49',22),(3,3,1,5,'2025-03-11 08:30:34','2025-03-11 08:30:34',15),(6,37,1,5,'2025-03-11 09:57:45','2025-03-11 09:57:45',58),(8,7,1,4,'2025-03-11 10:43:59','2025-03-11 10:43:59',61),(9,10,1,3,'2025-03-11 10:57:45','2025-03-11 10:57:45',62),(10,5,1,4,'2025-03-12 03:07:35','2025-03-12 03:07:35',70),(11,6,1,5,'2025-03-12 07:27:14','2025-03-12 07:27:14',75),(12,12,1,5,'2025-03-12 07:27:57','2025-03-12 07:27:57',77),(13,4,1,5,'2025-03-12 07:51:35','2025-03-12 07:51:35',12),(14,11,1,5,'2025-03-12 08:01:32','2025-03-12 08:01:32',78),(15,36,3,5,'2025-03-12 08:05:31','2025-03-12 08:05:31',79),(16,36,1,4,'2025-03-12 08:08:23','2025-03-12 08:08:23',82),(17,23,1,4,'2025-03-12 09:14:36','2025-03-12 09:14:36',83),(18,22,1,4,'2025-03-12 09:42:32','2025-03-12 09:42:32',85),(19,20,3,4,'2025-03-12 10:28:56','2025-03-12 10:28:56',88),(20,20,1,5,'2025-03-12 10:29:31','2025-03-12 10:29:31',90),(21,14,3,4,'2025-03-12 10:42:48','2025-03-12 10:42:48',91),(22,14,1,4,'2025-03-12 10:43:11','2025-03-12 10:43:11',93),(23,33,3,5,'2025-03-12 11:52:26','2025-03-12 11:52:26',94),(24,33,1,5,'2025-03-12 11:52:58','2025-03-12 11:52:58',96),(25,34,3,5,'2025-03-12 11:56:02','2025-03-12 11:56:02',97),(26,34,1,4,'2025-03-12 11:56:31','2025-03-12 11:56:31',99),(27,25,3,4,'2025-03-12 12:24:02','2025-03-12 12:24:02',100),(28,25,1,5,'2025-03-12 12:24:11','2025-03-12 12:24:11',101),(30,32,1,5,'2025-03-12 12:25:58','2025-03-12 12:25:58',103),(31,32,3,4,'2025-03-12 12:26:19','2025-03-12 12:26:19',105);
/*!40000 ALTER TABLE `rates` ENABLE KEYS */;
UNLOCK TABLES;

--
-- Table structure for table `roles`
--

DROP TABLE IF EXISTS `roles`;
/*!40101 SET @saved_cs_client     = @@character_set_client */;
/*!50503 SET character_set_client = utf8mb4 */;
CREATE TABLE `roles` (
  `id` int NOT NULL AUTO_INCREMENT,
  `name` varchar(20) NOT NULL,
  PRIMARY KEY (`id`)
) ENGINE=InnoDB AUTO_INCREMENT=3 DEFAULT CHARSET=utf8mb4 COLLATE=utf8mb4_0900_ai_ci;
/*!40101 SET character_set_client = @saved_cs_client */;

--
-- Dumping data for table `roles`
--

LOCK TABLES `roles` WRITE;
/*!40000 ALTER TABLE `roles` DISABLE KEYS */;
INSERT INTO `roles` VALUES (1,'USER'),(2,'ADMIN');
/*!40000 ALTER TABLE `roles` ENABLE KEYS */;
UNLOCK TABLES;

--
-- Table structure for table `shipping_info`
--

DROP TABLE IF EXISTS `shipping_info`;
/*!40101 SET @saved_cs_client     = @@character_set_client */;
/*!50503 SET character_set_client = utf8mb4 */;
CREATE TABLE `shipping_info` (
  `id` int NOT NULL AUTO_INCREMENT,
  `order_id` int NOT NULL,
  `shipping_method` varchar(100) DEFAULT NULL,
  `shipping_date` date DEFAULT NULL,
  `tracking_number` varchar(100) DEFAULT NULL,
  `province` varchar(255) DEFAULT NULL,
  `district` varchar(255) DEFAULT NULL,
  `ward` varchar(255) DEFAULT NULL,
  `address` varchar(255) DEFAULT NULL,
  PRIMARY KEY (`id`),
  UNIQUE KEY `order_id` (`order_id`),
  CONSTRAINT `fk_order_shipping` FOREIGN KEY (`order_id`) REFERENCES `orders` (`id`) ON DELETE CASCADE
) ENGINE=InnoDB AUTO_INCREMENT=25 DEFAULT CHARSET=utf8mb4 COLLATE=utf8mb4_0900_ai_ci;
/*!40101 SET character_set_client = @saved_cs_client */;

--
-- Dumping data for table `shipping_info`
--

LOCK TABLES `shipping_info` WRITE;
/*!40000 ALTER TABLE `shipping_info` DISABLE KEYS */;
INSERT INTO `shipping_info` VALUES (1,130,'GHTK',NULL,NULL,'Tỉnh Quảng Bình','Huyện Quảng Trạch','Xã Quảng Thạch','Thôn 3, Xã Quảng Thạch, Huyện Quảng Trạch, Tỉnh Quảng Bình'),(2,131,'GHTK',NULL,NULL,'Tỉnh Bắc Ninh','Huyện Lương Tài','Xã Phú Lương','Thôn 2, Xã Phú Lương, Huyện Lương Tài, Tỉnh Bắc Ninh'),(3,132,'GHTK',NULL,NULL,'Tỉnh Bắc Ninh','Huyện Gia Bình','Xã Đông Cứu','Thôn 1, Xã Đông Cứu, Huyện Gia Bình, Tỉnh Bắc Ninh'),(5,134,'GHTK',NULL,NULL,'Tỉnh Quảng Ninh','Thị xã Quảng Yên','Xã Liên Vị','Thôn 4, Xã Liên Vị, Thị xã Quảng Yên, Tỉnh Quảng Ninh'),(6,135,'GHTK',NULL,NULL,'Tỉnh Bắc Ninh','Huyện Gia Bình','Xã Đại Bái','zxz, Xã Đại Bái, Huyện Gia Bình, Tỉnh Bắc Ninh'),(7,136,'GHTK',NULL,NULL,'Tỉnh Bắc Ninh','Huyện Gia Bình','Xã Đại Bái','sdsdsd, Xã Đại Bái, Huyện Gia Bình, Tỉnh Bắc Ninh'),(8,137,'GHTK',NULL,NULL,'Tỉnh Bắc Ninh','Thị xã Thuận Thành','Phường Ninh Xá','fffffff, Phường Ninh Xá, Thị xã Thuận Thành, Tỉnh Bắc Ninh'),(9,138,'GHTK',NULL,NULL,'Tỉnh Quảng Nam','Thị xã Điện Bàn','Phường Điện Ngọc','phan Huy Chú, Phường Điện Ngọc, Thị xã Điện Bàn, Tỉnh Quảng Nam'),(10,139,'GHTK',NULL,NULL,'Tỉnh Bắc Giang','Thị xã Chũ','Phường Phượng Sơn','thông 3, Phường Phượng Sơn, Thị xã Chũ, Tỉnh Bắc Giang'),(11,140,'GHTK',NULL,NULL,'Tỉnh Quảng Nam','Thị xã Điện Bàn','Phường Điện Ngọc',NULL),(12,141,'GHTK',NULL,NULL,'Tỉnh Quảng Nam','Thị xã Điện Bàn','Phường Điện Ngọc','đường Phan Huy Chú '),(13,142,'GHTK',NULL,NULL,'Tỉnh Vĩnh Phúc','Huyện Tam Đảo','Xã Yên Dương','thôn 3'),(14,143,'GHTK',NULL,NULL,'Tỉnh Khánh Hòa','Huyện Vạn Ninh','Xã Vạn Khánh','Thôn 3'),(15,144,'GHTK',NULL,NULL,'Tỉnh Bắc Ninh','Huyện Gia Bình','Xã Đại Bái','Số 12, Thôn 3'),(17,146,'GHTK',NULL,NULL,'Tỉnh Vĩnh Phúc','Huyện Vĩnh Tường','Thị trấn Tứ Trưng','Số 12'),(18,147,'GHTK',NULL,NULL,'Tỉnh Phú Thọ','Huyện Thanh Sơn','Xã Đông Cửu','Thôn 3'),(20,149,'GHTK',NULL,NULL,'Tỉnh Bắc Ninh','Huyện Gia Bình','Thị trấn Nhân Thắng','sdasas'),(21,150,'GHTK',NULL,NULL,'Tỉnh Bắc Ninh','Huyện Yên Phong','Xã Văn Môn','ádsdasdsa'),(22,151,'GHTK',NULL,NULL,'Tỉnh Quảng Ninh','Thị xã Quảng Yên','Xã Liên Vị','assss'),(23,152,'GHTK',NULL,NULL,'Tỉnh Phú Thọ','Huyện Tam Nông','Xã Lam Sơn','xzxzx'),(24,153,'GHTK',NULL,NULL,'Tỉnh Phú Thọ','Huyện Thanh Sơn','Xã Đông Cửu','ádsadsad');
/*!40000 ALTER TABLE `shipping_info` ENABLE KEYS */;
UNLOCK TABLES;

--
-- Table structure for table `social_accounts`
--

DROP TABLE IF EXISTS `social_accounts`;
/*!40101 SET @saved_cs_client     = @@character_set_client */;
/*!50503 SET character_set_client = utf8mb4 */;
CREATE TABLE `social_accounts` (
  `id` int NOT NULL AUTO_INCREMENT,
  `provider` varchar(20) NOT NULL,
  `provider_id` varchar(50) NOT NULL,
  `email` varchar(100) NOT NULL COMMENT 'Email tài khoản',
  `name` varchar(100) NOT NULL COMMENT 'Tên người dùng',
  `user_id` int DEFAULT NULL,
  PRIMARY KEY (`id`),
  KEY `user_id` (`user_id`),
  CONSTRAINT `social_accounts_ibfk_1` FOREIGN KEY (`user_id`) REFERENCES `users` (`id`)
) ENGINE=InnoDB DEFAULT CHARSET=utf8mb4 COLLATE=utf8mb4_0900_ai_ci;
/*!40101 SET character_set_client = @saved_cs_client */;

--
-- Dumping data for table `social_accounts`
--

LOCK TABLES `social_accounts` WRITE;
/*!40000 ALTER TABLE `social_accounts` DISABLE KEYS */;
/*!40000 ALTER TABLE `social_accounts` ENABLE KEYS */;
UNLOCK TABLES;

--
-- Table structure for table `tokens`
--

DROP TABLE IF EXISTS `tokens`;
/*!40101 SET @saved_cs_client     = @@character_set_client */;
/*!50503 SET character_set_client = utf8mb4 */;
CREATE TABLE `tokens` (
  `id` int NOT NULL AUTO_INCREMENT,
  `token` varchar(255) NOT NULL,
  `token_type` varchar(50) NOT NULL,
  `expiration_date` datetime DEFAULT NULL,
  `revoked` tinyint(1) NOT NULL,
  `user_id` int DEFAULT NULL,
  PRIMARY KEY (`id`),
  UNIQUE KEY `token` (`token`),
  KEY `user_id` (`user_id`),
  CONSTRAINT `tokens_ibfk_1` FOREIGN KEY (`user_id`) REFERENCES `users` (`id`)
) ENGINE=InnoDB AUTO_INCREMENT=154 DEFAULT CHARSET=utf8mb4 COLLATE=utf8mb4_0900_ai_ci;
/*!40101 SET character_set_client = @saved_cs_client */;

--
-- Dumping data for table `tokens`
--

LOCK TABLES `tokens` WRITE;
/*!40000 ALTER TABLE `tokens` DISABLE KEYS */;
INSERT INTO `tokens` VALUES (1,'eyJhbGciOiJIUzI1NiJ9.eyJzdWIiOiIwMzk0OTQ4NzI1IiwiaWF0IjoxNzQ1ODA5ODU1LCJleHAiOjE3NDY0MTQ2NTV9.vybh8tR_8TuXnpuMYuYIn9_jEdZO5foZqhzBc-1k7xg','BEARER','2025-05-05 10:10:56',1,1),(2,'eyJhbGciOiJIUzI1NiJ9.eyJzdWIiOiIwMzk0OTQ4NzI1IiwiaWF0IjoxNzQ1ODI5MDY1LCJleHAiOjE3NDY0MzM4NjV9.qRcuxI2yyPzuMA4dU_fpTDXGzhED3jWFzBBB0OX57L0','BEARER','2025-05-05 15:31:05',0,1),(3,'eyJhbGciOiJIUzI1NiJ9.eyJzdWIiOiIwMzk0OTQ4NzI1IiwiaWF0IjoxNzQ1OTA4MDU1LCJleHAiOjE3NDY1MTI4NTV9.0YJ2cnMlzqeOWdxEM-BJcqhSh1GSpqa2nqgfGKI59HA','BEARER','2025-05-06 13:27:36',0,1),(4,'eyJhbGciOiJIUzI1NiJ9.eyJzdWIiOiIwODM1NzA2NDE1IiwiaWF0IjoxNzQ1OTA5NTk2LCJleHAiOjE3NDY1MTQzOTZ9.KUYPgpk5xURw4mNVBpXCNXUifyBeiX0usbxtgNbynGc','BEARER','2025-05-06 13:53:17',0,6),(5,'eyJhbGciOiJIUzI1NiJ9.eyJzdWIiOiIwMzk0OTQ4NzI1IiwiaWF0IjoxNzQ2MjQxODIyLCJleHAiOjE3NDY4NDY2MjJ9.-VFE8P8CaSc9_iZ5uWR2ylQO0FYAKPgvutlnhX0Ob58','BEARER','2025-05-10 10:10:23',0,1),(6,'eyJhbGciOiJIUzI1NiJ9.eyJzdWIiOiIwMzk0OTQ4NzI1IiwiaWF0IjoxNzQ2MjYxNjAxLCJleHAiOjE3NDY4NjY0MDF9.3iFAOg6Xv9vic5OEiRulJoLZCSx4mH3aQBRc8yc-pHA','BEARER','2025-05-10 15:40:02',0,1),(7,'eyJhbGciOiJIUzI1NiJ9.eyJzdWIiOiIwMzk0OTQ4NzI1IiwiaWF0IjoxNzQ2MjY1MTM5LCJleHAiOjE3NDY4Njk5Mzl9.ce2msAbCQwZEn1VxWBMt5o8VMhGR-LqWCPNRHODc0vs','BEARER','2025-05-10 16:38:59',0,1),(8,'eyJhbGciOiJIUzI1NiJ9.eyJzdWIiOiIwMzk0OTQ4NzI1IiwiaWF0IjoxNzQ2MjY1NjMzLCJleHAiOjE3NDY4NzA0MzN9.LVj0rYitCE0Qqhf7RmWXNTg7noGwTAA4eX1aoIovUk4','BEARER','2025-05-10 16:47:13',0,1),(9,'eyJhbGciOiJIUzI1NiJ9.eyJzdWIiOiIwMzk0OTQ4NzI1IiwiaWF0IjoxNzQ2MzI4ODQ5LCJleHAiOjE3NDY5MzM2NDl9.DCDIWu2aiwn27Mo6GfSq_SdocbB6-tuNJKJafhPgae0','BEARER','2025-05-11 10:20:49',0,1),(10,'eyJhbGciOiJIUzI1NiJ9.eyJzdWIiOiIwMzk0OTQ4NzI1IiwiaWF0IjoxNzQ2MzQ2NzA4LCJleHAiOjE3NDY5NTE1MDh9.jeVng6xgPjnMGFnVt5a9F2LzVoVeaJFcXqUSQJ6DgXc','BEARER','2025-05-11 15:18:29',0,1),(11,'eyJhbGciOiJIUzI1NiJ9.eyJzdWIiOiIwMzk0OTQ4NzI1IiwiaWF0IjoxNzQ2MzQ3NjE5LCJleHAiOjE3NDY5NTI0MTl9.zaWvZuE1exg-FJ5Y9cUMJoaDNbhXQwc3ztCCpxe1WG4','BEARER','2025-05-11 15:33:39',0,1),(12,'eyJhbGciOiJIUzI1NiJ9.eyJzdWIiOiIwOTQ0OTMyMDM1IiwiaWF0IjoxNzQ2MzQ3ODA0LCJleHAiOjE3NDY5NTI2MDR9.iCKl2y6UZPex739zHqmx-zxZKQ2qm_C7hptygYwMUEw','BEARER','2025-05-11 15:36:44',0,8),(13,'eyJhbGciOiJIUzI1NiJ9.eyJzdWIiOiIwMzk0OTQ4NzI1IiwiaWF0IjoxNzQ2MzQ4MTg2LCJleHAiOjE3NDY5NTI5ODZ9.EVs2VkJ60x6A7v5HTNGTyB4lank4lycTRMpvhpBaFNs','BEARER','2025-05-11 15:43:07',1,1),(14,'eyJhbGciOiJIUzI1NiJ9.eyJzdWIiOiIwMzk0OTQ4NzI1IiwiaWF0IjoxNzQ2NTgxMzkxLCJleHAiOjE3NDcxODYxOTF9.8CdmcQylzqw7oKsDMIF2hUVWC62SXxMxY2cQttML-1s','BEARER','2025-05-14 08:29:52',0,1),(15,'eyJhbGciOiJIUzI1NiJ9.eyJzdWIiOiIwMzk0OTQ4NzI1IiwiaWF0IjoxNzQ2NTg2NTEwLCJleHAiOjE3NDcxOTEzMTB9.UKTWhQ94IF-My3nKO6jG9nB_TTw7Cdwh8ezEz4eFTpM','BEARER','2025-05-14 09:55:11',1,1),(16,'eyJhbGciOiJIUzI1NiJ9.eyJzdWIiOiIwMzk0OTQ4NzI1IiwiaWF0IjoxNzQ2NTg4OTAwLCJleHAiOjE3NDcxOTM3MDB9.cW0iasfslBDJxKraV1bA_vWEWOz_RfmNwUWQutvi7_s','BEARER','2025-05-14 10:35:01',1,1),(17,'eyJhbGciOiJIUzI1NiJ9.eyJzdWIiOiIwODM1NzA2NDE1IiwiaWF0IjoxNzQ2NTg5ODY2LCJleHAiOjE3NDcxOTQ2NjZ9.2B9hvbBbUiqulqdgADktphxjnJ3eZ2XC1uuuK_Bviic','BEARER','2025-05-14 10:51:07',1,6),(18,'eyJhbGciOiJIUzI1NiJ9.eyJzdWIiOiIwMzk0OTQ4NzI1IiwiaWF0IjoxNzQ2NjA0NzIyLCJleHAiOjE3NDcyMDk1MjJ9.ZYe2THTzwhSy1X-TibQGdvTykrhiLVQ0CqNFMbl4IQo','BEARER','2025-05-14 14:58:42',0,1),(19,'eyJhbGciOiJIUzI1NiJ9.eyJzdWIiOiIwMzk0OTQ4NzI1IiwiaWF0IjoxNzQ2NjA1MTUzLCJleHAiOjE3NDcyMDk5NTN9.ORsiypjepEZktSZHC_jSFszKtPkdFD6ptdzxV9nT_C0','BEARER','2025-05-14 15:05:54',0,1),(21,'eyJhbGciOiJIUzI1NiJ9.eyJzdWIiOiIwMzk0OTQ4NzI1IiwiaWF0IjoxNzQ2NjA1MTY5LCJleHAiOjE3NDcyMDk5Njl9.oir0OKrhmbM_py86qbkgprV4PaFju-JgQzDhsVlgJL0','BEARER','2025-05-14 15:06:09',0,1),(22,'eyJhbGciOiJIUzI1NiJ9.eyJzdWIiOiIwMzk0OTQ4NzI1IiwiaWF0IjoxNzQ2NjA2NDIwLCJleHAiOjE3NDcyMTEyMjB9.zF0pUMvulMFDHd-SClNouqgpK7s4n-8QnyDmHYz87jw','BEARER','2025-05-14 15:27:01',1,1),(23,'eyJhbGciOiJIUzI1NiJ9.eyJzdWIiOiIwOTA1NTYzNzY3IiwiaWF0IjoxNzQ2NjA3NTkzLCJleHAiOjE3NDcyMTIzOTN9.cLcFPjB6vUfdm9bgCu52ziB758ZJ106rZygCmGv0k2I','BEARER','2025-05-14 15:46:33',0,9),(24,'eyJhbGciOiJIUzI1NiJ9.eyJzdWIiOiIwMzk0OTQ4NzI1IiwiaWF0IjoxNzQ2NjA5MDgzLCJleHAiOjE3NDcyMTM4ODN9.D2j5AQfx188zmRtGOT_Gye8NbuO2Hpzb0HiTVlBsuuI','BEARER','2025-05-14 16:11:23',1,1),(25,'eyJhbGciOiJIUzI1NiJ9.eyJzdWIiOiIwMzk0OTQ4NzI1IiwiaWF0IjoxNzQ2NjY2Njg1LCJleHAiOjE3NDcyNzE0ODV9.F02PR-E4vMMuLG806gHT-SRsmNiftYyJxOmslzoc5ZQ','BEARER','2025-05-15 08:11:25',1,1),(26,'eyJhbGciOiJIUzI1NiJ9.eyJzdWIiOiIwMzk0OTQ4NzI1IiwiaWF0IjoxNzQ2NjY5MDUyLCJleHAiOjE3NDcyNzM4NTJ9.ZXIB8rcxb1elGdlzxsT-RlaW2Iq5nlLASs0yG1n9NR0','BEARER','2025-05-15 08:50:52',1,1),(27,'eyJhbGciOiJIUzI1NiJ9.eyJzdWIiOiIwMzk0OTQ4NzI1IiwiaWF0IjoxNzQ2NjcwMTI0LCJleHAiOjE3NDcyNzQ5MjR9.tgXdYd2elWe54z8FWHJ0oR8eTi4Zu1D1K2sMvre2TMY','BEARER','2025-05-15 09:08:45',1,1),(28,'eyJhbGciOiJIUzI1NiJ9.eyJzdWIiOiIwMzk0OTQ4NzI1IiwiaWF0IjoxNzQ2Njk0OTk1LCJleHAiOjE3NDcyOTk3OTV9.MGYvxOl4AVDUUX0kvCvrBKJmvVWxW_OgTF23olMUA3I','BEARER','2025-05-15 16:03:16',0,1),(29,'eyJhbGciOiJIUzI1NiJ9.eyJzdWIiOiIwMzk0OTQ4NzI1IiwiaWF0IjoxNzQ2NzgxNzI4LCJleHAiOjE3NDczODY1Mjh9.AjbwTlLiFea7F4-_kiPBfTDoum9nYMTE2Xu_9GXj8NY','BEARER','2025-05-16 16:08:48',0,1),(30,'eyJhbGciOiJIUzI1NiJ9.eyJzdWIiOiIwODM1NzA2NDE1IiwiaWF0IjoxNzQ2NzgzNzkwLCJleHAiOjE3NDczODg1OTB9.qhdwuUDhQ-7Ib9bJnQwZPS-oqLZdzyJKEiE76VmYWlQ','BEARER','2025-05-16 16:43:10',0,6),(31,'eyJhbGciOiJIUzI1NiJ9.eyJzdWIiOiIwODM1NzA2NDE1IiwiaWF0IjoxNzQ2OTI5MzQ3LCJleHAiOjE3NDc1MzQxNDd9.RRiRkX8opguUasN5xfvunJxm7FpQzYYB1t7FEi5SBzA','BEARER','2025-05-18 09:09:07',0,6),(32,'eyJhbGciOiJIUzI1NiJ9.eyJzdWIiOiIwMzk0OTQ4NzI1IiwiaWF0IjoxNzQ3NzA0ODkzLCJleHAiOjE3NDgzMDk2OTN9.C_Ag1e6ZgMieOg7ExTCt-tRx0IR8zGScVf6b1o_Zn4M','BEARER','2025-05-27 08:34:53',1,1),(33,'eyJhbGciOiJIUzI1NiJ9.eyJzdWIiOiIwMzk0OTQ4NzI1IiwiaWF0IjoxNzQ3NzA0OTQ2LCJleHAiOjE3NDgzMDk3NDZ9.qbUbbn_mWV0UoHxzHYL1nCy2014Sz5GeCXWDwOT2mIU','BEARER','2025-05-27 08:35:47',1,1),(34,'eyJhbGciOiJIUzI1NiJ9.eyJzdWIiOiIwODM1NzA2NDE1IiwiaWF0IjoxNzQ3NzI2MDgyLCJleHAiOjE3NDgzMzA4ODJ9.beJK5uT4ytmcjmR2o2fUxeVY2-djXrkGJhAs3OPqA-0','BEARER','2025-05-27 14:28:03',0,6),(35,'eyJhbGciOiJIUzI1NiJ9.eyJzdWIiOiIwOTQ0OTMyMDM1IiwiaWF0IjoxNzQ3NzMyOTc5LCJleHAiOjE3NDgzMzc3Nzl9.ncMy15kg_MxYamuAno3S5I01iqXTAM6eMZMdO_fWVRs','BEARER','2025-05-27 16:22:59',1,8),(36,'eyJhbGciOiJIUzI1NiJ9.eyJzdWIiOiIwODM1NzA2NDE1IiwiaWF0IjoxNzQ3NzMzMDUzLCJleHAiOjE3NDgzMzc4NTN9.EPHeFdkZWIGoB7iYYuHqeVp6hoo4JDCvE0LGl7Q35sU','BEARER','2025-05-27 16:24:13',0,6),(37,'eyJhbGciOiJIUzI1NiJ9.eyJzdWIiOiIwODM1NzA2NDE1IiwiaWF0IjoxNzQ3ODIxNDI2LCJleHAiOjE3NDg0MjYyMjZ9.x5n4uQe5mP-cfGrz4YTHXo4d-9ubrT_bWUo0MhZ94ZA','BEARER','2025-05-28 16:57:07',0,6),(38,'eyJhbGciOiJIUzI1NiJ9.eyJzdWIiOiIwMzk0OTQ4NzI2IiwiaWF0IjoxNzQ4MTQwNjkwLCJleHAiOjE3NDg3NDU0OTB9.6YgFlFHWjSDDyUcA83CU34Ym1sNoCrqiZhLvYsxUmx0','BEARER','2025-06-01 09:38:10',0,2),(39,'eyJhbGciOiJIUzI1NiJ9.eyJzdWIiOiIwMzk0OTQ4NzI1IiwiaWF0IjoxNzQ4MjIzODM4LCJleHAiOjE3NDg4Mjg2Mzh9.NEhx6VUvfq5cv5lopBHqhtbssbvHjUsaJP4THVn2JoQ','BEARER','2025-06-02 08:43:58',0,1),(40,'eyJhbGciOiJIUzI1NiJ9.eyJzdWIiOiIwODM1NzA2NDE1IiwiaWF0IjoxNzQ4MjI0MDIyLCJleHAiOjE3NDg4Mjg4MjJ9._96tbhxFOWlZpDl_pZXFgKegHTiANcREfFAE9btWGCQ','BEARER','2025-06-02 08:47:03',0,6),(41,'eyJhbGciOiJIUzI1NiJ9.eyJzdWIiOiIwODM1NzA2NDE1IiwiaWF0IjoxNzQ4MzE3NDQ0LCJleHAiOjE3NDg5MjIyNDR9.dUKGUFBqcKi0HVY_daTTm5KjuEvqatevb3feGZeBOpQ','BEARER','2025-06-03 10:44:04',0,6),(42,'eyJhbGciOiJIUzI1NiJ9.eyJzdWIiOiIwMzk0OTQ4NzI1IiwiaWF0IjoxNzQ4MzE3NTcwLCJleHAiOjE3NDg5MjIzNzB9.l9uG0XbMqu_gBsdQs-MI28f30RrRZjpBrT4PqNPLhZM','BEARER','2025-06-03 10:46:11',0,1),(43,'eyJhbGciOiJIUzI1NiJ9.eyJzdWIiOiIwODM1NzA2NDE1IiwiaWF0IjoxNzQ4MzM2Nzc3LCJleHAiOjE3NDg5NDE1Nzd9.5n_8M1Y5VrhQTcVfMiGCgOL42x8uychzUOyLPX_krLI','BEARER','2025-06-03 16:06:18',0,6),(44,'eyJhbGciOiJIUzI1NiJ9.eyJzdWIiOiIwMzk0OTQ4NzI1IiwiaWF0IjoxNzQ4OTQxNzg2LCJleHAiOjE3NDk1NDY1ODZ9.c-ur6Mg2TE4ePUaCqs2o_k6fw4cE7mzA0ZOu-bQQ2uA','BEARER','2025-06-10 16:09:46',1,1),(45,'eyJhbGciOiJIUzI1NiJ9.eyJzdWIiOiIwMzk0OTQ4NzI1IiwiaWF0IjoxNzQ4OTQyMzAyLCJleHAiOjE3NDk1NDcxMDJ9.NLrMac5hT1SMM7yJhVCGOvDHtIJJHMgity-J0jPWf-g','BEARER','2025-06-10 16:18:23',0,1),(46,'eyJhbGciOiJIUzI1NiJ9.eyJzdWIiOiIxMDM3MDgyMjkyNzUzOTMxNzIwMjUiLCJsb2dpblR5cGUiOiJHb29nbGUiLCJpYXQiOjE3NDkyNjQzMzIsImV4cCI6MTc0OTg2OTEzMn0.WhVJuncjgynECq2dlMNF2STUtmLJ15t5XWBkr_FT6_U','BEARER','2025-06-14 09:45:33',0,10),(47,'eyJhbGciOiJIUzI1NiJ9.eyJzdWIiOiIxMDUxNzgzMTM5Njg5MzkyMzE0OTgiLCJsb2dpblR5cGUiOiJHb29nbGUiLCJpYXQiOjE3NDkyODgwNTEsImV4cCI6MTc0OTg5Mjg1MX0.PvOHhOK1EB4Otm42FZkAUGKoLav8qLuOBEDZq5_Hoc0','BEARER','2025-06-14 16:20:51',1,11),(48,'eyJhbGciOiJIUzI1NiJ9.eyJzdWIiOiIxMDM3MDgyMjkyNzUzOTMxNzIwMjUiLCJsb2dpblR5cGUiOiJHb29nbGUiLCJpYXQiOjE3NDkyODgxNTMsImV4cCI6MTc0OTg5Mjk1M30.bZcczqrihe64Q-TyqVTpN_uozWy2Rh242NE8AULitjc','BEARER','2025-06-14 16:22:33',1,10),(49,'eyJhbGciOiJIUzI1NiJ9.eyJzdWIiOiIxMDM3MDgyMjkyNzUzOTMxNzIwMjUiLCJsb2dpblR5cGUiOiJHb29nbGUiLCJpYXQiOjE3NDkyODg2MDQsImV4cCI6MTc0OTg5MzQwNH0.-iAabNDpa05P6UyWikvbD3yzbFaB7dXbLKS6UTRAS8M','BEARER','2025-06-14 16:30:04',1,10),(50,'eyJhbGciOiJIUzI1NiJ9.eyJzdWIiOiIxMDM3MDgyMjkyNzUzOTMxNzIwMjUiLCJsb2dpblR5cGUiOiJHb29nbGUiLCJpYXQiOjE3NDkyODg3MzksImV4cCI6MTc0OTg5MzUzOX0.vXlxBS65zWjBezKMYuPTPZFPlph-eFBNSlwYxe933_c','BEARER','2025-06-14 16:32:19',1,10),(51,'eyJhbGciOiJIUzI1NiJ9.eyJzdWIiOiIxMDM3MDgyMjkyNzUzOTMxNzIwMjUiLCJsb2dpblR5cGUiOiJHb29nbGUiLCJpYXQiOjE3NDkyODg4ODMsImV4cCI6MTc0OTg5MzY4M30.UkZ8RvstRUqM8Nyn4TnilRrJndkfHthjP7Fla8CAXEI','BEARER','2025-06-14 16:34:43',1,10),(52,'eyJhbGciOiJIUzI1NiJ9.eyJzdWIiOiIxMDM3MDgyMjkyNzUzOTMxNzIwMjUiLCJsb2dpblR5cGUiOiJHb29nbGUiLCJpYXQiOjE3NDkyODg5NDAsImV4cCI6MTc0OTg5Mzc0MH0.GVq9h9GTOj-UCZm_miTI6SCEsP95FTJkExv9Uxv4c6U','BEARER','2025-06-14 16:35:40',1,10),(53,'eyJhbGciOiJIUzI1NiJ9.eyJzdWIiOiIxMDUxNzgzMTM5Njg5MzkyMzE0OTgiLCJsb2dpblR5cGUiOiJHb29nbGUiLCJpYXQiOjE3NDkyODg5NDgsImV4cCI6MTc0OTg5Mzc0OH0.aAQV4ZG7dHzm3EXu3seJXJ6RYQ_9FN286TYGzZaFg2Q','BEARER','2025-06-14 16:35:49',1,11),(54,'eyJhbGciOiJIUzI1NiJ9.eyJzdWIiOiIxMDUxNzgzMTM5Njg5MzkyMzE0OTgiLCJsb2dpblR5cGUiOiJHb29nbGUiLCJpYXQiOjE3NDkyODg5NTUsImV4cCI6MTc0OTg5Mzc1NX0.hH1jhD7HBuPs-FObeTfm0n8yb3PejLhY352ijPgo9PE','BEARER','2025-06-14 16:35:56',1,11),(55,'eyJhbGciOiJIUzI1NiJ9.eyJzdWIiOiIxMDM3MDgyMjkyNzUzOTMxNzIwMjUiLCJsb2dpblR5cGUiOiJHb29nbGUiLCJpYXQiOjE3NDkyODkzODIsImV4cCI6MTc0OTg5NDE4Mn0.Jrl9KgqV_7qr1d6ZNEH6nd-ZTjtv0Cz4Xyb53F4F9YM','BEARER','2025-06-14 16:43:02',1,10),(56,'eyJhbGciOiJIUzI1NiJ9.eyJzdWIiOiIxMDE5Njk0MDE5ODM1MTgxMzE2MjIiLCJsb2dpblR5cGUiOiJHb29nbGUiLCJpYXQiOjE3NDkyODk0MDMsImV4cCI6MTc0OTg5NDIwM30.Bjit4ogwWBeSWyV4jtvvB7hcWMts0fKHoXOCkb79DrQ','BEARER','2025-06-14 16:43:23',1,12),(57,'eyJhbGciOiJIUzI1NiJ9.eyJzdWIiOiIwMzk0OTQ4NzI1IiwibG9naW5UeXBlIjoiUGhvbmUiLCJpYXQiOjE3NDk3Nzg2MjUsImV4cCI6MTc1MDM4MzQyNX0.SAh4-kbDkmEzk_O1TLvSag5PxtkEwiNIDEhi7CalFus','BEARER','2025-06-20 08:37:05',1,1),(58,'eyJhbGciOiJIUzI1NiJ9.eyJzdWIiOiIwMzk0OTQ4NzI1IiwibG9naW5UeXBlIjoiUGhvbmUiLCJpYXQiOjE3NDk5NTE1MDgsImV4cCI6MTc1MDU1NjMwOH0.DlVAXfblLxlbAZCwg9ghMZjqJTGDbVyhNmfAy7MZv4E','BEARER','2025-06-22 08:38:29',1,1),(59,'eyJhbGciOiJIUzI1NiJ9.eyJzdWIiOiIxMDUxNzgzMTM5Njg5MzkyMzE0OTgiLCJsb2dpblR5cGUiOiJHb29nbGUiLCJpYXQiOjE3NTAxNDU2NzcsImV4cCI6MTc1MDc1MDQ3N30.atR7BKgcd7Uvb8afTG6uwBYCp4YH16ozMYNuphw5NoQ','BEARER','2025-06-24 14:34:38',1,11),(60,'eyJhbGciOiJIUzI1NiJ9.eyJzdWIiOiIwMzk0OTQ4NzI1IiwibG9naW5UeXBlIjoiUGhvbmUiLCJpYXQiOjE3NTAxNTQ4MTYsImV4cCI6MTc1MDc1OTYxNn0.hGOXu-EGNxdsHOD4VB-QyQu6YI9hIhMZrkL3bvDw5f4','BEARER','2025-06-24 17:06:56',1,1),(61,'eyJhbGciOiJIUzI1NiJ9.eyJzdWIiOiIxMDUxNzgzMTM5Njg5MzkyMzE0OTgiLCJsb2dpblR5cGUiOiJHb29nbGUiLCJpYXQiOjE3NTAxNTU2NzcsImV4cCI6MTc1MDc2MDQ3N30.mc_u4DXhDbQtxRyw8xdmKL-UyP0bEafQImqqoxQEDXo','BEARER','2025-06-24 17:21:18',1,11),(62,'eyJhbGciOiJIUzI1NiJ9.eyJzdWIiOiIxMDUxNzgzMTM5Njg5MzkyMzE0OTgiLCJsb2dpblR5cGUiOiJHb29nbGUiLCJpYXQiOjE3NTAxNTU5MTgsImV4cCI6MTc1MDc2MDcxOH0.qqF59pd9wn7bbsVL2x-NxGf56Hmkoh3IOc_2kEkdizc','BEARER','2025-06-24 17:25:18',1,11),(63,'eyJhbGciOiJIUzI1NiJ9.eyJzdWIiOiIxMDM3MDgyMjkyNzUzOTMxNzIwMjUiLCJsb2dpblR5cGUiOiJHb29nbGUiLCJpYXQiOjE3NTAxNTU5MjcsImV4cCI6MTc1MDc2MDcyN30.05Nev9KlFhpBV7zvE2M_IVr8zl0qmBJBX7PIWl0SZG0','BEARER','2025-06-24 17:25:27',1,10),(64,'eyJhbGciOiJIUzI1NiJ9.eyJzdWIiOiIxMDUxNzgzMTM5Njg5MzkyMzE0OTgiLCJsb2dpblR5cGUiOiJHb29nbGUiLCJpYXQiOjE3NTAxNTYwMjUsImV4cCI6MTc1MDc2MDgyNX0.Ww9WBXwQZezXWyhsQb-8USkSRjqyAqtMQoEL2asrQH4','BEARER','2025-06-24 17:27:05',1,11),(65,'eyJhbGciOiJIUzI1NiJ9.eyJzdWIiOiIxMDUxNzgzMTM5Njg5MzkyMzE0OTgiLCJsb2dpblR5cGUiOiJHb29nbGUiLCJpYXQiOjE3NTAxNTYwNDgsImV4cCI6MTc1MDc2MDg0OH0.QnjdYw4ZXoEIhQNIpKfN7Yapk6eJn1ZqRHHKI3loM5U','BEARER','2025-06-24 17:27:29',1,11),(66,'eyJhbGciOiJIUzI1NiJ9.eyJzdWIiOiIwMzk0OTQ4NzI2IiwibG9naW5UeXBlIjoiUGhvbmUiLCJpYXQiOjE3NTAyMTI4ODAsImV4cCI6MTc1MDgxNzY4MH0.zLiAc9tESkVnK9IMMDDZkmTBIq77OSiVu9as91fE-78','BEARER','2025-06-25 09:14:41',0,2),(67,'eyJhbGciOiJIUzI1NiJ9.eyJzdWIiOiIwMzk0OTQ4NzI2IiwibG9naW5UeXBlIjoiUGhvbmUiLCJpYXQiOjE3NTAyMTc3MjEsImV4cCI6MTc1MDgyMjUyMX0.CqskrM7MgUEoRAHC8QqGV1xCUdqgbIcz-KHT4RLqY1k','BEARER','2025-06-25 10:35:21',0,2),(68,'eyJhbGciOiJIUzI1NiJ9.eyJzdWIiOiIwMzk0OTQ4NzI2IiwibG9naW5UeXBlIjoiUGhvbmUiLCJpYXQiOjE3NTAyMTc3MzAsImV4cCI6MTc1MDgyMjUzMH0.RtO1S1AhmxE11dv4BKr0Bx5iVH0d6ZAXfrAMMe5gNTw','BEARER','2025-06-25 10:35:30',0,2),(69,'eyJhbGciOiJIUzI1NiJ9.eyJzdWIiOiIwMzk0OTQ4NzI2IiwibG9naW5UeXBlIjoiUGhvbmUiLCJpYXQiOjE3NTAyMTc4NTEsImV4cCI6MTc1MDgyMjY1MX0.SWmBECIsdvs4hubsRdlQoX370rXg8c5Z8_JFz7I1YtM','BEARER','2025-06-25 10:37:32',0,2),(70,'eyJhbGciOiJIUzI1NiJ9.eyJzdWIiOiIwMzk0OTQ4NzI2IiwibG9naW5UeXBlIjoiUGhvbmUiLCJpYXQiOjE3NTAyMTgxNzksImV4cCI6MTc1MDgyMjk3OX0.S3odw-W0cY6o8zcy42dnQTB5nzgPRGSMpPoMKo9qwLg','BEARER','2025-06-25 10:43:00',0,2),(71,'eyJhbGciOiJIUzI1NiJ9.eyJzdWIiOiIwMzk0OTQ4NzI2IiwibG9naW5UeXBlIjoiUGhvbmUiLCJpYXQiOjE3NTAyMzU3NjUsImV4cCI6MTc1MDg0MDU2NX0.umwqSLmVv-gGdI6UfksZx5q0Q1fpw23kPCvsS-_Dtrs','BEARER','2025-06-25 15:36:05',0,2),(72,'eyJhbGciOiJIUzI1NiJ9.eyJzdWIiOiIwMzk0OTQ4NzI2IiwibG9naW5UeXBlIjoiUGhvbmUiLCJpYXQiOjE3NTAyMzYwMzAsImV4cCI6MTc1MDg0MDgzMH0.2w2pbm0HXo9C6EjS7b2IMyLwuLzHQHUvioO6Kl18EJY','BEARER','2025-06-25 15:40:31',0,2),(73,'eyJhbGciOiJIUzI1NiJ9.eyJzdWIiOiIwMzk0OTQ4NzI2IiwibG9naW5UeXBlIjoiUGhvbmUiLCJpYXQiOjE3NTAyMzYwNzksImV4cCI6MTc1MDg0MDg3OX0.srdy6Dn7kyWYU6dx3yOimoVePQWytiiAW--66DBmgmI','BEARER','2025-06-25 15:41:19',0,2),(74,'eyJhbGciOiJIUzI1NiJ9.eyJzdWIiOiIwMzk0OTQ4NzI2IiwibG9naW5UeXBlIjoiUGhvbmUiLCJpYXQiOjE3NTAyMzY2NjgsImV4cCI6MTc1MDg0MTQ2OH0.LKu479NAojbOGhJ9VHfVnVdgPrt3qwQkvFKU4r-NuEg','BEARER','2025-06-25 15:51:09',0,2),(75,'eyJhbGciOiJIUzI1NiJ9.eyJzdWIiOiIwMzk0OTQ4NzI2IiwibG9naW5UeXBlIjoiUGhvbmUiLCJpYXQiOjE3NTAyMzY2NzMsImV4cCI6MTc1MDg0MTQ3M30.vH5TyIclU78JIPRroORe5S31hVWd6a2C_-yt9wfEbtc','BEARER','2025-06-25 15:51:13',0,2),(76,'eyJhbGciOiJIUzI1NiJ9.eyJzdWIiOiIwMzk0OTQ4NzI2IiwibG9naW5UeXBlIjoiUGhvbmUiLCJpYXQiOjE3NTAyMzY4NjcsImV4cCI6MTc1MDg0MTY2N30.GZs9byHJ-4OqtApTOHT08pyUB9ZtlIW6sRoIj7OmJ_o','BEARER','2025-06-25 15:54:28',0,2),(77,'eyJhbGciOiJIUzI1NiJ9.eyJzdWIiOiIwMzk0OTQ4NzI2IiwibG9naW5UeXBlIjoiUGhvbmUiLCJpYXQiOjE3NTAyMzczMzgsImV4cCI6MTc1MDg0MjEzOH0.E_rPepqlLunD9irrEplNLJwdd7lcHmyplcGfyBWQI84','BEARER','2025-06-25 16:02:18',0,2),(78,'eyJhbGciOiJIUzI1NiJ9.eyJzdWIiOiIwMzk0OTQ4NzI2IiwibG9naW5UeXBlIjoiUGhvbmUiLCJpYXQiOjE3NTAyMzc2MDUsImV4cCI6MTc1MDg0MjQwNX0.yNRZaqw9eLFyD8ROG6mKTqIKhItxRXFeAAxxhsUoP5g','BEARER','2025-06-25 16:06:45',0,2),(79,'eyJhbGciOiJIUzI1NiJ9.eyJzdWIiOiIwMzk0OTQ4NzI2IiwibG9naW5UeXBlIjoiUGhvbmUiLCJpYXQiOjE3NTAzMDU5OTAsImV4cCI6MTc1MDkxMDc5MH0.daGUDNPgmnTW3g0QNSUkT3icqeAs3Z-ufGYrzE75HL8','BEARER','2025-06-26 11:06:31',0,2),(80,'eyJhbGciOiJIUzI1NiJ9.eyJzdWIiOiIwMzk0OTQ4NzI2IiwibG9naW5UeXBlIjoiUGhvbmUiLCJpYXQiOjE3NTAzMjAxMDMsImV4cCI6MTc1MDkyNDkwM30.AOGutTtHKTXv3tbhgE7eYO98fG9VpIkeYyDa68tG6jk','BEARER','2025-06-26 15:01:43',0,2),(81,'eyJhbGciOiJIUzI1NiJ9.eyJzdWIiOiIwMzk0OTQ4NzI2IiwibG9naW5UeXBlIjoiUGhvbmUiLCJpYXQiOjE3NTAzMjQzNDcsImV4cCI6MTc1MDkyOTE0N30.-L77cIjqwTlXtFozG3H7TR3OFyjb9I39WMnRb_DItXY','BEARER','2025-06-26 16:12:28',0,2),(82,'eyJhbGciOiJIUzI1NiJ9.eyJzdWIiOiIwMzk0OTQ4NzI2IiwibG9naW5UeXBlIjoiUGhvbmUiLCJpYXQiOjE3NTA0MDc5MjUsImV4cCI6MTc1MTAxMjcyNX0.qEjbcxNgbrV9HhQ1HhsHheBiY7UyjY493_cfxNTGqSM','BEARER','2025-06-27 15:25:26',0,2),(83,'eyJhbGciOiJIUzI1NiJ9.eyJzdWIiOiIwMzk0OTQ4NzI2IiwibG9naW5UeXBlIjoiUGhvbmUiLCJpYXQiOjE3NTA0MDk2MTQsImV4cCI6MTc1MTAxNDQxNH0.wimKW4w36kQYq_PrdrzdoNGIs9-awAFJvGfXPIDQTzU','BEARER','2025-06-27 15:53:34',0,2),(84,'eyJhbGciOiJIUzI1NiJ9.eyJzdWIiOiIwMzk0OTQ4NzI2IiwibG9naW5UeXBlIjoiUGhvbmUiLCJpYXQiOjE3NTA0MTE1NDUsImV4cCI6MTc1MTAxNjM0NX0.kfN8QN4llpJQ9xmDz0WmflMzCUyHzKdIm75RptxYZI4','BEARER','2025-06-27 16:25:46',0,2),(85,'eyJhbGciOiJIUzI1NiJ9.eyJzdWIiOiIwMzk0OTQ4NzI2IiwibG9naW5UeXBlIjoiUGhvbmUiLCJpYXQiOjE3NTA0NzA5MTQsImV4cCI6MTc1MTA3NTcxNH0.UEYcwLewLPmZMOO2XmYF-ASjsoThRatwTg1j-1TzEkc','BEARER','2025-06-28 08:55:14',0,2),(86,'eyJhbGciOiJIUzI1NiJ9.eyJzdWIiOiIwMzk0OTQ4NzI2IiwibG9naW5UeXBlIjoiUGhvbmUiLCJpYXQiOjE3NTA0NzExOTksImV4cCI6MTc1MTA3NTk5OX0.BPitmLQ2S2JtkSpnFIdJcei5cfrDbeDy3eB_jQpLnF0','BEARER','2025-06-28 08:59:59',0,2),(87,'eyJhbGciOiJIUzI1NiJ9.eyJzdWIiOiIwMzk0OTQ4NzI2IiwibG9naW5UeXBlIjoiUGhvbmUiLCJpYXQiOjE3NTA0NzEyMzEsImV4cCI6MTc1MTA3NjAzMX0.jBIcezWbWeB1e3r4N3J5dBcGyRRskQkraEtoJnoH_0s','BEARER','2025-06-28 09:00:32',0,2),(88,'eyJhbGciOiJIUzI1NiJ9.eyJzdWIiOiIwODM1NzA2NDE1IiwibG9naW5UeXBlIjoiUGhvbmUiLCJpYXQiOjE3NTA1ODEwMTgsImV4cCI6MTc1MTE4NTgxOH0.fr1l7FfksLQOgH6XKecHcQW26lBDC8jOPGRypoBn7ec','BEARER','2025-06-29 15:30:18',0,6),(89,'eyJhbGciOiJIUzI1NiJ9.eyJzdWIiOiIwMzk0OTQ4NzI2IiwibG9naW5UeXBlIjoiUGhvbmUiLCJpYXQiOjE3NTA2NDM2NTMsImV4cCI6MTc1MTI0ODQ1M30.Zr07HU2o5Srto4I5iypLYJnxHsns99KkFyBeTNNEw-8','BEARER','2025-06-30 08:54:13',0,2),(90,'eyJhbGciOiJIUzI1NiJ9.eyJzdWIiOiIwMzk0OTQ4NzI2IiwibG9naW5UeXBlIjoiUGhvbmUiLCJpYXQiOjE3NTA2NDYwNTAsImV4cCI6MTc1MTI1MDg1MH0.dCuaNra1MAiiAS6uI9JzJfdm-TyM7gIQUOM_ZUk188Y','BEARER','2025-06-30 09:34:10',0,2),(91,'eyJhbGciOiJIUzI1NiJ9.eyJzdWIiOiIwMzk0OTQ4NzI2IiwibG9naW5UeXBlIjoiUGhvbmUiLCJpYXQiOjE3NTA2NDkxMzMsImV4cCI6MTc1MTI1MzkzM30.JNVpGakTE0daSy8-rncUEGbgfLAWjZ1cQEtxdPYdbA0','BEARER','2025-06-30 10:25:34',0,2),(92,'eyJhbGciOiJIUzI1NiJ9.eyJzdWIiOiIwMzk0OTQ4NzI2IiwibG9naW5UeXBlIjoiUGhvbmUiLCJpYXQiOjE3NTA2Njc5NTcsImV4cCI6MTc1MTI3Mjc1N30.Kuvf_O7jybq0VFaB0VH7CkAG3RShgjtKlki47-_s3GI','BEARER','2025-06-30 15:39:18',0,2),(93,'eyJhbGciOiJIUzI1NiJ9.eyJzdWIiOiIwMzk0OTQ4NzI2IiwibG9naW5UeXBlIjoiUGhvbmUiLCJpYXQiOjE3NTA2Njg1NDIsImV4cCI6MTc1MTI3MzM0Mn0.whbxy2anK2kd5Rnb2PxAnu1Y7KjVMwTwb1LUj9J7-ho','BEARER','2025-06-30 15:49:03',0,2),(94,'eyJhbGciOiJIUzI1NiJ9.eyJzdWIiOiIwMzk0OTQ4NzI2IiwibG9naW5UeXBlIjoiUGhvbmUiLCJpYXQiOjE3NTA2NzEyNjQsImV4cCI6MTc1MTI3NjA2NH0.285zAIUzlc6yz_raMmr5R0xvO6fAF-BmhHEuTCGPXy0','BEARER','2025-06-30 16:34:24',0,2),(95,'eyJhbGciOiJIUzI1NiJ9.eyJzdWIiOiIwMzk0OTQ4NzI2IiwibG9naW5UeXBlIjoiUGhvbmUiLCJpYXQiOjE3NTA2NzEzMzYsImV4cCI6MTc1MTI3NjEzNn0.3WiyJxrvGzaVKndVn0SaggyXDjySnC0h2xtRWvI_pJs','BEARER','2025-06-30 16:35:36',0,2),(96,'eyJhbGciOiJIUzI1NiJ9.eyJzdWIiOiIwMjIyMjIyMjIiLCJsb2dpblR5cGUiOiJQaG9uZSIsImlhdCI6MTc1MDY3MjEwNCwiZXhwIjoxNzUxMjc2OTA0fQ.90H8nGFRCwbZPF_84BMG-80iTDMbI7mX3Vgl0t5-ffk','BEARER','2025-06-30 16:48:24',1,18),(97,'eyJhbGciOiJIUzI1NiJ9.eyJzdWIiOiIwMzk0OTQ4NzI2IiwibG9naW5UeXBlIjoiUGhvbmUiLCJpYXQiOjE3NTA4Mzk0NDksImV4cCI6MTc1MTQ0NDI0OX0.RsYbQdtzm1nMH7BUEp_Kh-89ry0dOCaJ6CuIY2emavU','BEARER','2025-07-02 15:17:30',0,2),(98,'eyJhbGciOiJIUzI1NiJ9.eyJzdWIiOiIwMzk0OTQ4NzI2IiwibG9naW5UeXBlIjoiUGhvbmUiLCJpYXQiOjE3NTA4NDE2NDEsImV4cCI6MTc1MTQ0NjQ0MX0.MfzR3uuga70pPVuIwCRGENyVsdKD6X6-58Io6XQ_ga0','BEARER','2025-07-02 15:54:02',0,2),(99,'eyJhbGciOiJIUzI1NiJ9.eyJzdWIiOiIwMTIzMzMzMzMzIiwibG9naW5UeXBlIjoiUGhvbmUiLCJpYXQiOjE3NTA4NDcxNDQsImV4cCI6MTc1MTQ1MTk0NH0.K7UlG68E9iyeYRRgFOfgjjJMWIu8U6w-GRzdY23WR6Q','BEARER','2025-07-02 17:25:44',1,21),(100,'eyJhbGciOiJIUzI1NiJ9.eyJzdWIiOiIwMzk0OTQ4NzI2IiwibG9naW5UeXBlIjoiUGhvbmUiLCJpYXQiOjE3NTA5MDA0NzIsImV4cCI6MTc1MTUwNTI3Mn0.hBwZbFrXxkA2qNGhapO4cE9AQ9lKpoxs-Wi9dXB-ZMI','BEARER','2025-07-03 08:14:32',0,2),(101,'eyJhbGciOiJIUzI1NiJ9.eyJzdWIiOiIwMzk0OTQ4NzI2IiwibG9naW5UeXBlIjoiUGhvbmUiLCJpYXQiOjE3NTA5MDM1ODgsImV4cCI6MTc1MTUwODM4OH0.WzFRqZ4ERQhBzKVxyZDEc8Da6o9-lCxrT4UOKiebX7w','BEARER','2025-07-03 09:06:29',0,2),(102,'eyJhbGciOiJIUzI1NiJ9.eyJzdWIiOiIwMzk0OTQ4NzI2IiwibG9naW5UeXBlIjoiUGhvbmUiLCJpYXQiOjE3NTA5MjgzNTAsImV4cCI6MTc1MTUzMzE1MH0.JDKwM88lxPVqNtdcBtO4FA1kK936Gs1MOUEoPTWSZRM','BEARER','2025-07-03 15:59:11',0,2),(103,'eyJhbGciOiJIUzI1NiJ9.eyJzdWIiOiIwMzk0OTQ4NzI2IiwibG9naW5UeXBlIjoiUGhvbmUiLCJpYXQiOjE3NTEwMTA4ODUsImV4cCI6MTc1MTYxNTY4NX0.iJ941mi1BAQUlF6EWBUOqSVn4EBl76tmM2C_4sr7axE','BEARER','2025-07-04 14:54:45',0,2),(104,'eyJhbGciOiJIUzI1NiJ9.eyJzdWIiOiIwMzk0OTQ4NzI2IiwibG9naW5UeXBlIjoiUGhvbmUiLCJpYXQiOjE3NTEwMTYwNjMsImV4cCI6MTc1MTYyMDg2M30.D2oYC7U8e5v5rvrdeSJD8qASQxAvWjvaWA0VzU0mxEU','BEARER','2025-07-04 16:21:04',0,2),(105,'eyJhbGciOiJIUzI1NiJ9.eyJzdWIiOiIwMzk0OTQ4NzI2IiwibG9naW5UeXBlIjoiUGhvbmUiLCJpYXQiOjE3NTEwNjk3MDYsImV4cCI6MTc1MTY3NDUwNn0.NMqy8vq83OAUqugmsBg6UZR3j2EQMEXpCLya0k4BSRc','BEARER','2025-07-05 07:15:07',0,2),(106,'eyJhbGciOiJIUzI1NiJ9.eyJzdWIiOiIwMjIyMjIyMjIiLCJsb2dpblR5cGUiOiJQaG9uZSIsImlhdCI6MTc1MTA3NDU2NiwiZXhwIjoxNzUxNjc5MzY2fQ.rRVCyKghDjAGw4XFJwecOqaXiNIlFfm8kdvzLLG81gQ','BEARER','2025-07-05 08:36:07',0,18),(107,'eyJhbGciOiJIUzI1NiJ9.eyJzdWIiOiIwMzk0OTQ4NzI1IiwibG9naW5UeXBlIjoiUGhvbmUiLCJpYXQiOjE3NTEwOTk2ODAsImV4cCI6MTc1MTcwNDQ4MH0.fhV7dRMF0lwvIZtBJH_OlsGnqVvbGu8tD1z6GHx7ulM','BEARER','2025-07-05 15:34:41',0,1),(108,'eyJhbGciOiJIUzI1NiJ9.eyJzdWIiOiIwMzk0OTQ4NzI2IiwibG9naW5UeXBlIjoiUGhvbmUiLCJpYXQiOjE3NTEyNzY2MTMsImV4cCI6MTc1MTg4MTQxM30.OdzXra4RPLMLETVgrT-JKiEgYbuqWlq8FWcNA6EebfY','BEARER','2025-07-07 16:43:33',0,2),(109,'eyJhbGciOiJIUzI1NiJ9.eyJzdWIiOiIwMzk0OTQ4NzI2IiwibG9naW5UeXBlIjoiUGhvbmUiLCJpYXQiOjE3NTE1MzQ0OTgsImV4cCI6MTc1MjEzOTI5OH0.cfa97pQXWHwbq2FqCodCNLGi5s79aRkmTLpBex5rJU4','BEARER','2025-07-10 16:21:38',0,2),(110,'eyJhbGciOiJIUzI1NiJ9.eyJzdWIiOiIwMzk0OTQ4NzI2IiwibG9naW5UeXBlIjoiUGhvbmUiLCJpYXQiOjE3NTE1OTYzOTEsImV4cCI6MTc1MjIwMTE5MX0.xHStSYX9PrL3i2ae9eTjnWbKdfFrZqznOuHr1PLGjg4','BEARER','2025-07-11 09:33:11',0,2),(111,'eyJhbGciOiJIUzI1NiJ9.eyJzdWIiOiIwMzk0OTQ4NzI2IiwibG9naW5UeXBlIjoiUGhvbmUiLCJpYXQiOjE3NTE2MTgzOTcsImV4cCI6MTc1MjIyMzE5N30.KL_kdBycSP4NE5eg8etS8aJL8C5yzNZUen1grC3YEzc','BEARER','2025-07-11 15:39:57',0,2),(112,'eyJhbGciOiJIUzI1NiJ9.eyJzdWIiOiIwMzk0OTQ4NzI2IiwibG9naW5UeXBlIjoiUGhvbmUiLCJpYXQiOjE3NTE2ODEzMjksImV4cCI6MTc1MjI4NjEyOX0.iYEcdo-VZCviux9A9gRhN-ZngmyTcmVsX2y3gjBCal8','BEARER','2025-07-12 09:08:50',0,2),(113,'eyJhbGciOiJIUzI1NiJ9.eyJzdWIiOiIwMzk0OTQ4NzI2IiwibG9naW5UeXBlIjoiUGhvbmUiLCJpYXQiOjE3NTE3NjgzNDYsImV4cCI6MTc1MjM3MzE0Nn0.E8GX6hNmc0PIqkQCOnkdauI931GrUFmZnpI7fvzd-wE','BEARER','2025-07-13 09:19:07',0,2),(114,'eyJhbGciOiJIUzI1NiJ9.eyJzdWIiOiIwMzk0OTQ4NzI2IiwibG9naW5UeXBlIjoiUGhvbmUiLCJpYXQiOjE3NTE4NzczNDcsImV4cCI6MTc1MjQ4MjE0N30.NP9ASnkhto-0NI7s8H5AEjRNPQUkMlXm15OlCP0IyV4','BEARER','2025-07-14 15:35:48',0,2),(115,'eyJhbGciOiJIUzI1NiJ9.eyJzdWIiOiIwMzk0OTQ4NzI2IiwibG9naW5UeXBlIjoiUGhvbmUiLCJpYXQiOjE3NTE4Nzg5MjcsImV4cCI6MTc1MjQ4MzcyN30.GutQHBnemD3wS_f2tpg7ghbvt4Z8mMKY5s_Rt3aWAy4','BEARER','2025-07-14 16:02:07',0,2),(116,'eyJhbGciOiJIUzI1NiJ9.eyJzdWIiOiIwMzk0OTQ4NzI2IiwibG9naW5UeXBlIjoiUGhvbmUiLCJpYXQiOjE3NTE5Mzg3NzEsImV4cCI6MTc1MjU0MzU3MX0.MN-6mPdHRMYdGHzPqzCh405PdtJRA7g86PRTD_02RFc','BEARER','2025-07-15 08:39:31',0,2),(117,'eyJhbGciOiJIUzI1NiJ9.eyJzdWIiOiIwMzk0OTQ4NzI2IiwibG9naW5UeXBlIjoiUGhvbmUiLCJpYXQiOjE3NTIwNTIyNTcsImV4cCI6MTc1MjY1NzA1N30.VVwzYkWukA4NLHAd2bXK_uefXS7diz2cCDI36L4Tgsc','BEARER','2025-07-16 16:10:57',0,2),(118,'eyJhbGciOiJIUzI1NiJ9.eyJzdWIiOiIwMzk0OTQ4NzI2IiwibG9naW5UeXBlIjoiUGhvbmUiLCJpYXQiOjE3NTIwNTMxNTAsImV4cCI6MTc1MjY1Nzk1MH0.CfxoQq7ItntqnOspeLLo-LdMlWL_94Rfzd-mRIcaupg','BEARER','2025-07-16 16:25:51',0,2),(119,'eyJhbGciOiJIUzI1NiJ9.eyJzdWIiOiIwMzk0OTQ4NzI2IiwibG9naW5UeXBlIjoiUGhvbmUiLCJpYXQiOjE3NTIxMTM5MjYsImV4cCI6MTc1MjcxODcyNn0.tgClug43OR2DmC_toDVZaJjZxyof-ZO9Tkads9sPAOQ','BEARER','2025-07-17 09:18:47',0,2),(120,'eyJhbGciOiJIUzI1NiJ9.eyJzdWIiOiIwMzk0OTQ4NzI2IiwibG9naW5UeXBlIjoiUGhvbmUiLCJpYXQiOjE3NTI0ODAwODcsImV4cCI6MTc1MzA4NDg4N30.SwjnQyRmsk6XbL1-pPsif81hDkTi9BbHpOfnBq7DyJ4','BEARER','2025-07-21 15:01:28',0,2),(121,'eyJhbGciOiJIUzI1NiJ9.eyJzdWIiOiIwMzk0OTQ4NzI1IiwibG9naW5UeXBlIjoiUGhvbmUiLCJpYXQiOjE3NTI0ODE2MTMsImV4cCI6MTc1MzA4NjQxM30.vz69ANcsqRvf-u5MYUw8yoK6CUUTzNFE_YyiF8zxAgQ','BEARER','2025-07-21 15:26:53',0,1),(122,'eyJhbGciOiJIUzI1NiJ9.eyJzdWIiOiIwMzk0OTQ4NzI2IiwibG9naW5UeXBlIjoiUGhvbmUiLCJpYXQiOjE3NTI1NzA2OTcsImV4cCI6MTc1MzE3NTQ5N30.SsZzTz8yHmwizha2W2qEUjZpFGJCPbRDgL8CHpIpFMY','BEARER','2025-07-22 16:11:38',0,2),(123,'eyJhbGciOiJIUzI1NiJ9.eyJzdWIiOiIwMzk0OTQ4NzI2IiwibG9naW5UeXBlIjoiUGhvbmUiLCJpYXQiOjE3NTI2MzQzMTQsImV4cCI6MTc1MzIzOTExNH0.er79MT1xaePnE7dCE9V21K7gn3T2hAPSbOp2zpqD6to','BEARER','2025-07-23 09:51:55',0,2),(124,'eyJhbGciOiJIUzI1NiJ9.eyJzdWIiOiIwMzk0OTQ4NzI2IiwibG9naW5UeXBlIjoiUGhvbmUiLCJpYXQiOjE3NTI3MjMwNDUsImV4cCI6MTc1MzMyNzg0NX0.k8NND9JP7wpHiMvlhZsbvKa3730OrVtgzRFVzGeBvsA','BEARER','2025-07-24 10:30:45',0,2),(125,'eyJhbGciOiJIUzI1NiJ9.eyJzdWIiOiIwMzk0OTQ4NzI2IiwibG9naW5UeXBlIjoiUGhvbmUiLCJpYXQiOjE3NTI4MjkzOTAsImV4cCI6MTc1MzQzNDE5MH0.12luoM5bJ5MUZ11cnCmGvW6MWv6i6qlFyqTxIL9D9lY','BEARER','2025-07-25 16:03:11',0,2),(126,'eyJhbGciOiJIUzI1NiJ9.eyJzdWIiOiIwMzk0OTQ4NzI2IiwibG9naW5UeXBlIjoiUGhvbmUiLCJpYXQiOjE3NTI5Nzc1NTgsImV4cCI6MTc1MzU4MjM1OH0.UWgC0T7eZeTxevEcw39uFPN3a3YynSsbg0bOuQDrDRQ','BEARER','2025-07-27 09:12:39',0,2),(127,'eyJhbGciOiJIUzI1NiJ9.eyJzdWIiOiIwMzk0OTQ4NzI2IiwibG9naW5UeXBlIjoiUGhvbmUiLCJpYXQiOjE3NTMwMDI3NTQsImV4cCI6MTc1MzYwNzU1NH0.OWgxt09mVz7zHGtjAFZme3lgRyjVXggyNADMsAeHtnc','BEARER','2025-07-27 16:12:34',0,2),(128,'eyJhbGciOiJIUzI1NiJ9.eyJzdWIiOiIwMzk0OTQ4NzI2IiwibG9naW5UeXBlIjoiUGhvbmUiLCJpYXQiOjE3NTMxNzM2OTYsImV4cCI6MTc1Mzc3ODQ5Nn0.Ut9RtZofI7mBpcunjeMGOK4fibqvwXBpRtmJX6_-IEM','BEARER','2025-07-29 15:41:37',0,2),(129,'eyJhbGciOiJIUzI1NiJ9.eyJzdWIiOiIwMzk0OTQ4NzI2IiwibG9naW5UeXBlIjoiUGhvbmUiLCJpYXQiOjE3NTMyMzU4NjQsImV4cCI6MTc1Mzg0MDY2NH0.8LE5PECLVpjpppdDqHOeqVZ_t-nUI1gYFwbWBG9df88','BEARER','2025-07-30 08:57:44',0,2),(130,'eyJhbGciOiJIUzI1NiJ9.eyJzdWIiOiIwMzk0OTQ4NzI2IiwibG9naW5UeXBlIjoiUGhvbmUiLCJpYXQiOjE3NTMyNjU5ODYsImV4cCI6MTc1Mzg3MDc4Nn0.7WDEM02fZWGE1xzMwgr0It6ca-J3_Np1szB33vRcrtM','BEARER','2025-07-30 17:19:47',0,2),(131,'eyJhbGciOiJIUzI1NiJ9.eyJzdWIiOiIwMzk0OTQ4NzI2IiwibG9naW5UeXBlIjoiUGhvbmUiLCJpYXQiOjE3NTMzNTA2MjMsImV4cCI6MTc1Mzk1NTQyM30.Ng75b7U0pG_6jPleAz1DhOQHqoreGKE82qDHRHX6Jus','BEARER','2025-07-31 16:50:24',0,2),(132,'eyJhbGciOiJIUzI1NiJ9.eyJzdWIiOiIwMzk0OTQ4NzI1IiwibG9naW5UeXBlIjoiUGhvbmUiLCJpYXQiOjE3NTM0MDgzODQsImV4cCI6MTc1NDAxMzE4NH0.08C99t-tJeIAUikGJSE7dzH7Q1j-MPQ56bZxRQEjC2w','BEARER','2025-08-01 08:53:05',1,1),(133,'eyJhbGciOiJIUzI1NiJ9.eyJzdWIiOiIwMzk0OTQ4NzI2IiwibG9naW5UeXBlIjoiUGhvbmUiLCJpYXQiOjE3NTM0MDg4NTIsImV4cCI6MTc1NDAxMzY1Mn0.O_5eTbp1ZAwM2MsleD5tcmVeSGelxpZwA7f1zgL3JMM','BEARER','2025-08-01 09:00:52',0,2),(134,'eyJhbGciOiJIUzI1NiJ9.eyJzdWIiOiIwMzk0OTQ4NzI2IiwibG9naW5UeXBlIjoiUGhvbmUiLCJpYXQiOjE3NTM0MzI3MTQsImV4cCI6MTc1NDAzNzUxNH0.2mhsLRgkhY_qJk5VaNq7WE3EMUjtBvkeLUxLgQGoM9w','BEARER','2025-08-01 15:38:34',0,2),(135,'eyJhbGciOiJIUzI1NiJ9.eyJzdWIiOiIwMzk0OTQ4NzI2IiwibG9naW5UeXBlIjoiUGhvbmUiLCJpYXQiOjE3NTM3NTE3NzYsImV4cCI6MTc1NDM1NjU3Nn0.0AarfrzYtzSu9d9if7LmHXnGv5PXVerXR2bR3n1VhtI','BEARER','2025-08-05 08:16:17',0,2),(136,'eyJhbGciOiJIUzI1NiJ9.eyJzdWIiOiIwMzk0OTQ4NzI2IiwibG9naW5UeXBlIjoiUGhvbmUiLCJpYXQiOjE3NTM3ODE4OTIsImV4cCI6MTc1NDM4NjY5Mn0.PNVF45zZnzAMEdmor4leaAX1H4T7Sb-3CClAUXPmdBQ','BEARER','2025-08-05 16:38:13',0,2),(137,'eyJhbGciOiJIUzI1NiJ9.eyJzdWIiOiIwMzk0OTQ4NzI1IiwibG9naW5UeXBlIjoiUGhvbmUiLCJpYXQiOjE3NTM4NzA4MTQsImV4cCI6MTc1NDQ3NTYxNH0.aTig3JzKiINo7dI4lPOxds1anhzW-8D6br6b0nOPDiE','BEARER','2025-08-06 17:20:14',1,1),(138,'eyJhbGciOiJIUzI1NiJ9.eyJzdWIiOiIwMzk0OTQ4NzI1IiwibG9naW5UeXBlIjoiUGhvbmUiLCJpYXQiOjE3NTM4NzA4NDQsImV4cCI6MTc1NDQ3NTY0NH0.3LV2G8RPi7c85rszPYNzqNAmiJWMVMwPwa1Yui0KOic','BEARER','2025-08-06 17:20:44',1,1),(139,'eyJhbGciOiJIUzI1NiJ9.eyJzdWIiOiIwMzk0OTQ4NzI2IiwibG9naW5UeXBlIjoiUGhvbmUiLCJpYXQiOjE3NTM5NTEzNDcsImV4cCI6MTc1NDU1NjE0N30.RxJ99NwJYRiGuukZdl0aCjWN5JEGlKsQg7Ifm-WjVuA','BEARER','2025-08-07 15:42:27',0,2),(140,'eyJhbGciOiJIUzI1NiJ9.eyJzdWIiOiIwODM1NzA2NDE1IiwibG9naW5UeXBlIjoiUGhvbmUiLCJpYXQiOjE3NTM5NTI1NTUsImV4cCI6MTc1NDU1NzM1NX0.VRhBIzW_4aGylrn5pC03WtFvvTUe1dEZRW-JAxmmPzU','BEARER','2025-08-07 16:02:36',1,6),(141,'eyJhbGciOiJIUzI1NiJ9.eyJzdWIiOiIwMzk0OTQ4NzI2IiwibG9naW5UeXBlIjoiUGhvbmUiLCJpYXQiOjE3NTM5NTM4OTMsImV4cCI6MTc1NDU1ODY5M30.oolpq3JbYyD-icaCz5hjvAe-_eoJS-yqRj4g7vKdJFY','BEARER','2025-08-07 16:24:54',0,2),(142,'eyJhbGciOiJIUzI1NiJ9.eyJzdWIiOiIwMzk0OTQ4NzI2IiwibG9naW5UeXBlIjoiUGhvbmUiLCJpYXQiOjE3NTM5NTY0MTQsImV4cCI6MTc1NDU2MTIxNH0.ba71M9541lEquzs-mcDUt31MgCVugfe5cAt10ZWQsgs','BEARER','2025-08-07 17:06:55',0,2),(143,'eyJhbGciOiJIUzI1NiJ9.eyJzdWIiOiIwMzk0OTQ4NzI2IiwibG9naW5UeXBlIjoiUGhvbmUiLCJpYXQiOjE3NTQwMzk1NjksImV4cCI6MTc1NDY0NDM2OX0.CN5ZdiMgeZE6gwAe4lcqd2JnVVAzmhBmhoXfbh9iqMY','BEARER','2025-08-08 16:12:50',0,2),(144,'eyJhbGciOiJIUzI1NiJ9.eyJzdWIiOiIwMzk0OTQ4NzI2IiwibG9naW5UeXBlIjoiUGhvbmUiLCJpYXQiOjE3NTQ1NTUyMDgsImV4cCI6MTc1NTE2MDAwOH0.KNxVVi6OIDb1p6t12o8bFk9oxuWdu-TYdp7Bz-rbmSE','BEARER','2025-08-14 15:26:49',0,2),(145,'eyJhbGciOiJIUzI1NiJ9.eyJzdWIiOiIwMzk0OTQ4NzI2IiwibG9naW5UeXBlIjoiUGhvbmUiLCJpYXQiOjE3NTQ1NTUyODEsImV4cCI6MTc1NTE2MDA4MX0.lOBnCQGVUJ5h5AJa7VgPXb83DBQmJtd0Jo-QssC4eXw','BEARER','2025-08-14 15:28:01',1,2),(146,'eyJhbGciOiJIUzI1NiJ9.eyJzdWIiOiIwMzk0OTQ4NzI1IiwibG9naW5UeXBlIjoiUGhvbmUiLCJpYXQiOjE3NTQ1NTU1MjMsImV4cCI6MTc1NTE2MDMyM30.gKWOjG9fjthS0IL6yb9tb3Nparq27uiB9uWVRYIOWkA','BEARER','2025-08-14 15:32:03',0,1),(147,'eyJhbGciOiJIUzI1NiJ9.eyJzdWIiOiIwMzk0OTQ4NzI2IiwibG9naW5UeXBlIjoiUGhvbmUiLCJpYXQiOjE3NTQ5MDA3NTMsImV4cCI6MTc1NTUwNTU1M30.XlwkMNiL_e3YDUc4QqyzXlpmh2zJ7e_Ugug5Tk2_9c8','BEARER','2025-08-18 15:25:54',0,2),(148,'eyJhbGciOiJIUzI1NiJ9.eyJzdWIiOiIwMzk0OTQ4NzI2IiwibG9naW5UeXBlIjoiUGhvbmUiLCJpYXQiOjE3NTQ5MDEyODksImV4cCI6MTc1NTUwNjA4OX0.X15PEYMvbgfJQu6XzRHU9L2iZeHzr5Aztwx8kCj84xE','BEARER','2025-08-18 15:34:49',0,2),(149,'eyJhbGciOiJIUzI1NiJ9.eyJzdWIiOiIwMzk0OTQ4NzI2IiwibG9naW5UeXBlIjoiUGhvbmUiLCJpYXQiOjE3NTQ5MDIxMjksImV4cCI6MTc1NTUwNjkyOX0.h69rRKYRIvwWmYunQMZw2YUL7UqHR4HqzBWe53bTemQ','BEARER','2025-08-18 15:48:50',0,2),(150,'eyJhbGciOiJIUzI1NiJ9.eyJzdWIiOiIwMzk0OTQ4NzI2IiwibG9naW5UeXBlIjoiUGhvbmUiLCJpYXQiOjE3NTU1Njg5OTAsImV4cCI6MTc1NjE3Mzc5MH0.HF2q4ak8e8i06SitCkNYbw0tUeiW5raY_lPGFOpo5ik','BEARER','2025-08-26 09:03:10',1,2),(151,'eyJhbGciOiJIUzI1NiJ9.eyJzdWIiOiIwMzk0OTQ4NzI2IiwibG9naW5UeXBlIjoiUGhvbmUiLCJpYXQiOjE3NTU1Njk3NDgsImV4cCI6MTc1NjE3NDU0OH0.Pq1kLreC-JDSKjS3cGLzyXEHLgqKc82HoCJavRkMo6o','BEARER','2025-08-26 09:15:49',0,2),(152,'eyJhbGciOiJIUzI1NiJ9.eyJzdWIiOiIwMzk0OTQ4NzI1IiwibG9naW5UeXBlIjoiUGhvbmUiLCJpYXQiOjE3NTU2NTQwMDIsImV4cCI6MTc1NjI1ODgwMn0.PO7W_i3C8r86WgdopgDBYEps4jD5aYDRxbr5A_KWjPs','BEARER','2025-08-27 08:40:02',0,1),(153,'eyJhbGciOiJIUzI1NiJ9.eyJzdWIiOiIwMzk0OTQ4NzI2IiwibG9naW5UeXBlIjoiUGhvbmUiLCJpYXQiOjE3NTU2NTYwOTEsImV4cCI6MTc1NjI2MDg5MX0.vi-kg5xpo0tWJm5JQUVs-1bSL1O9kdZuJs761PZxfwI','BEARER','2025-08-27 09:14:51',0,2);
/*!40000 ALTER TABLE `tokens` ENABLE KEYS */;
UNLOCK TABLES;

--
-- Table structure for table `user_coupons`
--

DROP TABLE IF EXISTS `user_coupons`;
/*!40101 SET @saved_cs_client     = @@character_set_client */;
/*!50503 SET character_set_client = utf8mb4 */;
CREATE TABLE `user_coupons` (
  `id` int NOT NULL AUTO_INCREMENT,
  `user_id` int DEFAULT NULL,
  `coupon_id` int DEFAULT NULL,
  `status` varchar(50) DEFAULT NULL,
  `applied_at` date DEFAULT NULL,
  `order_id` int DEFAULT NULL,
  PRIMARY KEY (`id`),
  KEY `user_id` (`user_id`),
  KEY `fk_usercoupon_order` (`order_id`),
  KEY `user_coupons_ibfk_2` (`coupon_id`),
  CONSTRAINT `fk_usercoupon_order` FOREIGN KEY (`order_id`) REFERENCES `orders` (`id`) ON DELETE SET NULL ON UPDATE CASCADE,
  CONSTRAINT `user_coupons_ibfk_1` FOREIGN KEY (`user_id`) REFERENCES `users` (`id`),
  CONSTRAINT `user_coupons_ibfk_2` FOREIGN KEY (`coupon_id`) REFERENCES `coupons` (`id`)
) ENGINE=InnoDB AUTO_INCREMENT=30 DEFAULT CHARSET=utf8mb4 COLLATE=utf8mb4_0900_ai_ci;
/*!40101 SET character_set_client = @saved_cs_client */;

--
-- Dumping data for table `user_coupons`
--

LOCK TABLES `user_coupons` WRITE;
/*!40000 ALTER TABLE `user_coupons` DISABLE KEYS */;
INSERT INTO `user_coupons` VALUES (22,1,1,'ACTIVE',NULL,NULL),(23,1,1,'USED','2025-05-28',118),(24,11,1,'USED','2025-06-17',122),(25,11,2,'USED','2025-06-17',123),(26,18,2,'USED','2025-06-28',125),(27,1,6,'USED','2025-08-07',146),(28,6,5,'ACTIVE',NULL,NULL),(29,1,3,'ACTIVE',NULL,NULL);
/*!40000 ALTER TABLE `user_coupons` ENABLE KEYS */;
UNLOCK TABLES;

--
-- Table structure for table `users`
--

DROP TABLE IF EXISTS `users`;
/*!40101 SET @saved_cs_client     = @@character_set_client */;
/*!50503 SET character_set_client = utf8mb4 */;
CREATE TABLE `users` (
  `id` int NOT NULL AUTO_INCREMENT,
  `fullname` varchar(100) DEFAULT '',
  `phone_number` varchar(200) DEFAULT NULL,
  `address` varchar(200) DEFAULT '',
  `password` varchar(200) DEFAULT NULL,
  `create_at` datetime DEFAULT NULL,
  `update_at` datetime DEFAULT NULL,
  `is_active` tinyint(1) DEFAULT '1',
  `date_of_birth` date DEFAULT NULL,
  `facebook_account_id` varchar(255) DEFAULT NULL,
  `google_account_id` varchar(255) DEFAULT NULL,
  `role_id` int DEFAULT NULL,
  PRIMARY KEY (`id`),
  KEY `role_id` (`role_id`),
  CONSTRAINT `users_ibfk_1` FOREIGN KEY (`role_id`) REFERENCES `roles` (`id`)
) ENGINE=InnoDB AUTO_INCREMENT=22 DEFAULT CHARSET=utf8mb4 COLLATE=utf8mb4_0900_ai_ci;
/*!40101 SET character_set_client = @saved_cs_client */;

--
-- Dumping data for table `users`
--

LOCK TABLES `users` WRITE;
/*!40000 ALTER TABLE `users` DISABLE KEYS */;
INSERT INTO `users` VALUES (1,'Lê Thuận','0394948725','Quảng Bình','$2a$10$TbtJ4amaoSuODR/S2GzGcuvWug0FuiYLe8cJan/7UJzZFZkYAXDqS','2025-02-13 18:27:38','2025-04-15 16:57:28',1,'2001-07-01',NULL,NULL,1),(2,'Admin','0394948726','Quang Nam','$2a$10$Mul.9ukYBmWOe4OE3lxXlOkjESBTMyhhNqjR8I3qfJ2n2fGcyQt8m','2025-02-13 18:29:34','2025-02-13 18:29:34',1,'2001-07-01',NULL,NULL,2),(3,'Lê Anh','0394948728','Hà Nội','$2a$10$0lwXuKbRwDUgY1S7ehw7pu3Dw01rLPTOh9RXkmd6QdZ2wkrha93Fa','2025-02-19 16:09:15','2025-02-19 16:09:15',1,'1999-02-19',NULL,NULL,1),(5,'Lê Đức Minh Thuận','012333333','15 Đường Bính Kỳ','$2a$10$0LPJozaiZMlaCvLJCeC56eIhtRwQmwUoqx500RFQsJ59N0Y/qLVUi','2025-02-19 17:07:32','2025-02-19 17:07:32',1,'2001-02-28',NULL,NULL,1),(6,'Trần Thị Nhàn','0835706415','Thôn 3 , xã Quảng Thạch, huyện Quảng Trạch, tỉnh Quảng Bình','$2a$10$DjojVjsJMvmyM0QTYQXPBO/UdlEfw.J3THiFIsNUY1HixlThvXXQi','2025-03-03 15:34:07','2025-03-03 15:34:07',1,'1982-02-03',NULL,NULL,1),(7,'Phan Thành Long','0345734961','Núi Thành , Quảng Nam','$2a$10$toN44FbGBFFBcK1/IFY01eJmkJhpWtssESgYLCiMYXnT801Pa2j76','2025-04-24 09:18:20','2025-04-24 09:18:20',1,'2001-04-01',NULL,NULL,1),(8,'Lê Thị Hồng Nhung','0944932035','Xóm 3, xã Quảng Thạch,huyện Quảng Trạch, tỉnh Quảng Bình','$2a$10$x6Bx/btAIUNe9idUQ2Xd3..5PZVvod4hGGWmfybtuYUl9oqz3Kuxe','2025-04-24 09:21:08','2025-04-24 09:21:08',1,'1986-04-26',NULL,NULL,1),(9,'Lê Tho','0905563767','Điện Bàn , Quảng Nam','$2a$10$DwwvwNEwSNz0G/y0Uvi2g.rzn0WrUCceVFyRA9DR7Dw53.W6YhWoW','2025-05-07 15:46:18','2025-05-07 15:46:18',1,'1984-05-23',NULL,NULL,1),(10,'Thuận Lê',NULL,NULL,NULL,'2025-06-07 09:45:32','2025-06-07 09:45:32',1,NULL,NULL,'103708229275393172025',1),(11,'Thuận Lê',NULL,'Quảng Bình',NULL,'2025-06-07 16:20:51','2025-06-17 15:09:58',1,'2001-01-24',NULL,'105178313968939231498',1),(12,'Lê Đức Minh Thuận',NULL,'Quảng Bình',NULL,'2025-06-07 16:43:23','2025-06-25 17:01:35',1,'1970-01-01',NULL,'101969401983518131622',1),(18,'Khánh Huyền','022222222','Quảng Bình','$2a$10$NW4r7WF4/XGjfsHaXz7UxOf8/FNumQs2NpJz8VC2GtW4OTbT07WaW','2025-06-23 16:47:22','2025-06-23 16:47:22',1,'2007-06-23',NULL,NULL,1),(19,'Lê Đức Thuận','012112122','Hà Nội','$2a$10$cpLa5pQGz3EgLaZDazkI5OJbi0bwg81IwHnlOT/VfUeG/cY9kRjAK','2025-06-23 16:57:34','2025-06-25 17:22:50',0,'2001-07-01',NULL,NULL,1),(20,'A Nam','0229292992','Đà Nẵng','$2a$10$vIX4mBvBIhuDWhwRVS5cfObgce6J4apYMGjAwDQwFWYYizqtFOgUe','2025-06-25 15:18:02','2025-06-25 17:24:08',1,'1998-02-12',NULL,NULL,1),(21,'Manh','0123333333','Đà Nẵng','$2a$10$UJWfFKNvrpipjauz2c4MGebGyDyKv3L.cfhpRVGhLOyPXTodsQlEy','2025-06-25 17:25:34','2025-06-25 17:25:52',0,'1999-08-09',NULL,NULL,1);
/*!40000 ALTER TABLE `users` ENABLE KEYS */;
UNLOCK TABLES;
/*!40103 SET TIME_ZONE=@OLD_TIME_ZONE */;

/*!40101 SET SQL_MODE=@OLD_SQL_MODE */;
/*!40014 SET FOREIGN_KEY_CHECKS=@OLD_FOREIGN_KEY_CHECKS */;
/*!40014 SET UNIQUE_CHECKS=@OLD_UNIQUE_CHECKS */;
/*!40101 SET CHARACTER_SET_CLIENT=@OLD_CHARACTER_SET_CLIENT */;
/*!40101 SET CHARACTER_SET_RESULTS=@OLD_CHARACTER_SET_RESULTS */;
/*!40101 SET COLLATION_CONNECTION=@OLD_COLLATION_CONNECTION */;
/*!40111 SET SQL_NOTES=@OLD_SQL_NOTES */;

-- Dump completed on 2025-08-20 10:25:24
